;title;price;post link;image link
0;Jeep Renegade 2.4 Longitude At;34.800;https://auto.mercadolibre.com.ar/MLA-1470730398-jeep-renegade-serie-s-13t-at6-bb-_JM#position=1&search_layout=grid&type=item&tracking_id=f3579dbf-b25e-4b93-ab56-c8372d565f1f;https://http2.mlstatic.com/D_NQ_NP_624114-MLA71003734656_082023-W.jpg
1;Jeep Renegade 1.8 Longitude At6;29.250.000;https://auto.mercadolibre.com.ar/MLA-1464433238-jeep-renegade-serie-s-t-270-13-t-jp-_JM#position=2&search_layout=grid&type=item&tracking_id=f3579dbf-b25e-4b93-ab56-c8372d565f1f;https://http2.mlstatic.com/D_NQ_NP_650174-MLA71300218299_082023-W.jpg
2;Jeep Renegade 1.8 Longitude At6;29.100.007;https://auto.mercadolibre.com.ar/MLA-1378546479-jeepd-_JM#position=3&search_layout=grid&type=item&tracking_id=f3579dbf-b25e-4b93-ab56-c8372d565f1f;https://http2.mlstatic.com/D_NQ_NP_659215-MLA70580113666_072023-W.jpg
3;Jeep Renegade 1.8 Sport;17.269.000;https://auto.mercadolibre.com.ar/MLA-1448040136-jeep-renegade-sport-at6-_JM#position=4&search_layout=grid&type=item&tracking_id=f3579dbf-b25e-4b93-ab56-c8372d565f1f;https://http2.mlstatic.com/D_NQ_NP_871394-MLA71582508866_092023-W.jpg
4;Jeep Renegade 1.8 Longitude At6;30.299.000;https://auto.mercadolibre.com.ar/MLA-1447385440-jeep-renegade-s-entrega-inmediata-unidad-fisica-_JM#position=5&search_layout=grid&type=item&tracking_id=f3579dbf-b25e-4b93-ab56-c8372d565f1f;https://http2.mlstatic.com/D_NQ_NP_796458-MLA70413866918_072023-W.jpg
5;Jeep Renegade 2.4 Trailhawk At9 4x4;30.300.000;https://auto.mercadolibre.com.ar/MLA-1443637834-jeep-renegade-trailhawk-_JM#position=6&search_layout=grid&type=item&tracking_id=f3579dbf-b25e-4b93-ab56-c8372d565f1f;https://http2.mlstatic.com/D_NQ_NP_864852-MLA70300989334_072023-W.jpg
6;Jeep Renegade 2.4 Trailhawk At9 4x4;36.258.000;https://auto.mercadolibre.com.ar/MLA-1443637268-jeep-renegade-trailhawk-at9-entrega-inmediata-_JM#position=7&search_layout=grid&type=item&tracking_id=f3579dbf-b25e-4b93-ab56-c8372d565f1f;https://http2.mlstatic.com/D_NQ_NP_868212-MLA70323192155_072023-W.jpg
7;Jeep Renegade 1.8 Longitude At6;30.299.000;https://auto.mercadolibre.com.ar/MLA-1375624219-jeep-renegade-longuitude-s-entrega-inmediata-_JM#position=8&search_layout=grid&type=item&tracking_id=f3579dbf-b25e-4b93-ab56-c8372d565f1f;https://http2.mlstatic.com/D_NQ_NP_725666-MLA70287611911_072023-W.jpg
8;Jeep Renegade 1.8 Sport At Plus;20.599.000;https://auto.mercadolibre.com.ar/MLA-1442381014-jeep-renegade-sport-at6-_JM#position=9&search_layout=grid&type=item&tracking_id=f3579dbf-b25e-4b93-ab56-c8372d565f1f;https://http2.mlstatic.com/D_NQ_NP_984775-MLA70287590185_072023-W.jpg
9;Jeep Renegade 1.8 Sport;20.600.000;https://auto.mercadolibre.com.ar/MLA-1442355592-jeep-renegade-sport-at6-_JM#position=10&search_layout=grid&type=item&tracking_id=f3579dbf-b25e-4b93-ab56-c8372d565f1f;https://http2.mlstatic.com/D_NQ_NP_964906-MLA70264710352_072023-W.jpg
10;Jeep Renegade 2.4 Trailhawk At9 4x4;26.999.990;https://auto.mercadolibre.com.ar/MLA-1430606210-jeep-renegade-trailhawk-13t-at9-4x4-_JM#position=11&search_layout=grid&type=item&tracking_id=f3579dbf-b25e-4b93-ab56-c8372d565f1f;https://http2.mlstatic.com/D_NQ_NP_698421-MLA69857884198_062023-W.jpg
11;Jeep Renegade 1.8 Longitude At6;22.790.000;https://auto.mercadolibre.com.ar/MLA-1428868590-jeep-renegade-serie-s-13t-at6-4x2-en-stock-todos-colores-hg-_JM#position=12&search_layout=grid&type=item&tracking_id=f3579dbf-b25e-4b93-ab56-c8372d565f1f;https://http2.mlstatic.com/D_NQ_NP_976884-MLA69799539804_062023-W.jpg
12;Jeep Renegade 1.8 Longitude At6;22.790.000;https://auto.mercadolibre.com.ar/MLA-1428868200-nueva-jeep-renegade-serie-s-13t-en-stock-fisico-entrega-hg-_JM#position=13&search_layout=grid&type=item&tracking_id=f3579dbf-b25e-4b93-ab56-c8372d565f1f;https://http2.mlstatic.com/D_NQ_NP_705267-MLA69799344110_062023-W.jpg
13;Jeep Renegade 1.8 Longitude At6;22.790.000;https://auto.mercadolibre.com.ar/MLA-1428907080-jeep-renegade-serie-s-13t-at6-4x2-entrega-inmediata-hg-_JM#position=14&search_layout=grid&type=item&tracking_id=f3579dbf-b25e-4b93-ab56-c8372d565f1f;https://http2.mlstatic.com/D_NQ_NP_925805-MLA69799342540_062023-W.jpg
14;Jeep Renegade 1.8 Longitude At6;22.790.000;https://auto.mercadolibre.com.ar/MLA-1428867858-nueva-jeep-renegade-serie-s-13t-at6-4x2-en-stock-fisico-hg-_JM#position=15&search_layout=grid&type=item&tracking_id=f3579dbf-b25e-4b93-ab56-c8372d565f1f;https://http2.mlstatic.com/D_NQ_NP_798735-MLA69815829267_062023-W.jpg
15;Jeep Renegade 1.8 Longitude At6;22.790.000;https://auto.mercadolibre.com.ar/MLA-1395769070-nueva-jeep-renegade-longitude-serie-s-13t-t270-en-stock-hg-_JM#position=16&search_layout=grid&type=item&tracking_id=f3579dbf-b25e-4b93-ab56-c8372d565f1f;https://http2.mlstatic.com/D_NQ_NP_772623-MLA54932578583_042023-W.jpg
16;Jeep Renegade 2.4 Trailhawk At9 4x4;27.598.810;https://auto.mercadolibre.com.ar/MLA-1530362380-jeep-renegade-trailhawk-13-turbo-4x4-2023-t270-13-_JM#position=17&search_layout=grid&type=item&tracking_id=f3579dbf-b25e-4b93-ab56-c8372d565f1f;https://http2.mlstatic.com/D_NQ_NP_752612-MLA54919022638_042023-W.jpg
17;Jeep Renegade 1.8 Sport;8.800.000;https://auto.mercadolibre.com.ar/MLA-1362310811-jeep-renegade-2023-_JM#position=18&search_layout=grid&type=item&tracking_id=f3579dbf-b25e-4b93-ab56-c8372d565f1f;https://http2.mlstatic.com/D_NQ_NP_702264-MLA54335356221_032023-W.jpg
18;Jeep Renegade 1.8 Sport;9.099.000;https://auto.mercadolibre.com.ar/MLA-1329829001-jeep-renegade-18-agencia-oficial-novo-cars-_JM#position=19&search_layout=grid&type=item&tracking_id=f3579dbf-b25e-4b93-ab56-c8372d565f1f;https://http2.mlstatic.com/D_NQ_NP_730639-MLA53562062823_022023-W.jpg
19;Jeep Renegade 1.8 Sport;10.990.000;https://auto.mercadolibre.com.ar/MLA-1376213781-jeep-renegade-sport-18-_JM#position=20&search_layout=grid&type=item&tracking_id=f3579dbf-b25e-4b93-ab56-c8372d565f1f;https://http2.mlstatic.com/D_NQ_NP_655833-MLA51758477674_092022-W.jpg
20;Jeep Renegade 1.8 Sport;13.200.000;https://auto.mercadolibre.com.ar/MLA-1148804910-jeep-renegade-18-sport-hc-_JM#position=21&search_layout=grid&type=item&tracking_id=f3579dbf-b25e-4b93-ab56-c8372d565f1f;https://http2.mlstatic.com/D_NQ_NP_722261-MLA51497415610_092022-W.jpg
21;Jeep Renegade 1.8 Longitude At6;27.990.000;https://auto.mercadolibre.com.ar/MLA-1391999345-jeep-renegade-serie-s-13t-270-at6-4x2-full-0km-_JM#position=22&search_layout=grid&type=item&tracking_id=f3579dbf-b25e-4b93-ab56-c8372d565f1f;https://http2.mlstatic.com/D_NQ_NP_901745-MLA72144841182_102023-W.jpg
22;Jeep Renegade 1.8 Longitude At6;22.300.000;https://auto.mercadolibre.com.ar/MLA-1392037559-jeep-renegade-longitude-t270-13-at6-_JM#position=23&search_layout=grid&type=item&tracking_id=f3579dbf-b25e-4b93-ab56-c8372d565f1f;https://http2.mlstatic.com/D_NQ_NP_990992-MLA72205041217_102023-W.jpg
23;Jeep Renegade 1.8 Longitude At6;24.100;https://auto.mercadolibre.com.ar/MLA-1533707694-jeep-renegade-18-longitude-automatica-ano-2022-_JM#position=24&search_layout=grid&type=item&tracking_id=f3579dbf-b25e-4b93-ab56-c8372d565f1f;https://http2.mlstatic.com/D_NQ_NP_763358-MLA72203826693_102023-W.jpg
24;Jeep Renegade 1.8 Sport Plus;18.900.000;https://auto.mercadolibre.com.ar/MLA-1391426085-jeep-renegade-18-sport-plus-_JM#position=25&search_layout=grid&type=item&tracking_id=f3579dbf-b25e-4b93-ab56-c8372d565f1f;https://http2.mlstatic.com/D_NQ_NP_684685-MLA72108413351_102023-W.jpg
25;Jeep Renegade 1.8 Sport At Plus;15.400.000;https://auto.mercadolibre.com.ar/MLA-1525967186-jeep-renegade-18-130cv-at6ch-_JM#position=26&search_layout=grid&type=item&tracking_id=f3579dbf-b25e-4b93-ab56-c8372d565f1f;https://http2.mlstatic.com/D_NQ_NP_721719-MLA72002565048_102023-W.jpg
26;Jeep Renegade 1.8 Sport;10.395.000;https://auto.mercadolibre.com.ar/MLA-1523621328-jeep-renegade-sport-_JM#position=27&search_layout=grid&type=item&tracking_id=f3579dbf-b25e-4b93-ab56-c8372d565f1f;https://http2.mlstatic.com/D_NQ_NP_794372-MLA71964251632_092023-W.jpg
27;Jeep Renegade 1.8 Longitude At6;29.100.007;https://auto.mercadolibre.com.ar/MLA-1508653626-jeep-serie-sd-_JM#position=28&search_layout=grid&type=item&tracking_id=f3579dbf-b25e-4b93-ab56-c8372d565f1f;https://http2.mlstatic.com/D_NQ_NP_774880-MLA71669713824_092023-W.jpg
28;Jeep Renegade 1.8 Longitude At6;30.604.000;https://auto.mercadolibre.com.ar/MLA-1504487022-jeep-renegade-h-_JM#position=29&search_layout=grid&type=item&tracking_id=f3579dbf-b25e-4b93-ab56-c8372d565f1f;https://http2.mlstatic.com/D_NQ_NP_791343-MLA71631073119_092023-W.jpg
29;Jeep Renegade 1.8 Longitude At6;22.999;https://auto.mercadolibre.com.ar/MLA-1477301050-jeep-renegade-2019-18-longitude-at6-_JM#position=30&search_layout=grid&type=item&tracking_id=f3579dbf-b25e-4b93-ab56-c8372d565f1f;https://http2.mlstatic.com/D_NQ_NP_622945-MLA71193697209_082023-W.jpg
30;Jeep Renegade 1.8 Sport;18.500;https://auto.mercadolibre.com.ar/MLA-1469893992-jeep-renegade-18-sport-manual-sport-plus-2019-2020-2021-_JM#position=31&search_layout=grid&type=item&tracking_id=f3579dbf-b25e-4b93-ab56-c8372d565f1f;https://http2.mlstatic.com/D_NQ_NP_812914-MLA71001851075_082023-W.jpg
31;Jeep Renegade 1.8 Sport;20.900.000;https://auto.mercadolibre.com.ar/MLA-1382187417-jeep-renegade-18-sport-mt-ccuero-_JM#position=32&search_layout=grid&type=item&tracking_id=f3579dbf-b25e-4b93-ab56-c8372d565f1f;https://http2.mlstatic.com/D_NQ_NP_890038-MLA72019903625_092023-W.jpg
32;Jeep Renegade 1.8 Longitude At6;30.601.000;https://auto.mercadolibre.com.ar/MLA-1460816272-jeep-renegade-h-_JM#position=33&search_layout=grid&type=item&tracking_id=f3579dbf-b25e-4b93-ab56-c8372d565f1f;https://http2.mlstatic.com/D_NQ_NP_917962-MLA70711040956_072023-W.jpg
33;Jeep Renegade 1.8 Longitude At6;22.790.000;https://auto.mercadolibre.com.ar/MLA-1420010564-nueva-jeep-renegade-13t-t270-serie-s-en-stock-fisico-hg-_JM#position=34&search_layout=grid&type=item&tracking_id=f3579dbf-b25e-4b93-ab56-c8372d565f1f;https://http2.mlstatic.com/D_NQ_NP_742931-MLA69482542288_052023-W.jpg
34;Jeep Renegade 1.8 Sport;6.900.000;https://auto.mercadolibre.com.ar/MLA-1370178720-renegade-0km-_JM#position=35&search_layout=grid&type=item&tracking_id=f3579dbf-b25e-4b93-ab56-c8372d565f1f;https://http2.mlstatic.com/D_NQ_NP_763324-MLA54336583782_032023-W.jpg
35;Jeep Renegade 1.8 Sport At Plus;15.350.000;https://auto.mercadolibre.com.ar/MLA-1198363060-renegade-sport-at6-my23-hc-_JM#position=36&search_layout=grid&type=item&tracking_id=f3579dbf-b25e-4b93-ab56-c8372d565f1f;https://http2.mlstatic.com/D_NQ_NP_749648-MLA51987925412_102022-W.jpg
36;Jeep Renegade 1.8 Sport;15.899.200;https://auto.mercadolibre.com.ar/MLA-1530297074-jeep-renegade-sport-at6-18-0km-2023-tomamos-su-usado-13-_JM#position=37&search_layout=grid&type=item&tracking_id=f3579dbf-b25e-4b93-ab56-c8372d565f1f;https://http2.mlstatic.com/D_NQ_NP_687798-MLA46639410654_072021-W.jpg
37;Jeep Renegade 1.8 Sport;14.995.200;https://auto.mercadolibre.com.ar/MLA-1530349140-jeep-renegade-longitude-techo-cuero-at6-13-turbo-hoy-13-_JM#position=38&search_layout=grid&type=item&tracking_id=f3579dbf-b25e-4b93-ab56-c8372d565f1f;https://http2.mlstatic.com/D_NQ_NP_831919-MLA72064096486_102023-W.jpg
38;Jeep Renegade 1.8 Sport;12.300.000;https://auto.mercadolibre.com.ar/MLA-1535156184-jeep-renegade-sport-full-4x2-mt-18-_JM#position=39&search_layout=grid&type=item&tracking_id=f3579dbf-b25e-4b93-ab56-c8372d565f1f;https://http2.mlstatic.com/D_NQ_NP_832982-MLA72156566556_102023-W.jpg
39;Jeep Renegade 1.8 Sport;14.000.000;https://auto.mercadolibre.com.ar/MLA-1522991490-jeep-renegade-sport-18l-at6-0km-b-_JM#position=40&search_layout=grid&type=item&tracking_id=f3579dbf-b25e-4b93-ab56-c8372d565f1f;https://http2.mlstatic.com/D_NQ_NP_967765-MLA72018704629_092023-W.jpg
40;Jeep Renegade 1.8 Longitude At6;34.000;https://auto.mercadolibre.com.ar/MLA-1519546906-jeep-renegade-serie-s-t270-13t-_JM#position=41&search_layout=grid&type=item&tracking_id=f3579dbf-b25e-4b93-ab56-c8372d565f1f;https://http2.mlstatic.com/D_NQ_NP_902673-MLA71951860501_092023-W.jpg
41;Jeep Renegade 1.8 Sport;16.000.000;https://auto.mercadolibre.com.ar/MLA-1388809681-jeep-renegade-sport-at6-18-_JM#position=42&search_layout=grid&type=item&tracking_id=f3579dbf-b25e-4b93-ab56-c8372d565f1f;https://http2.mlstatic.com/D_NQ_NP_619226-MLA71755055576_092023-W.jpg
42;Jeep Renegade 2.4 Trailhawk At9 4x4;32.100.000;https://auto.mercadolibre.com.ar/MLA-1388339987-jeep-renegade-trailhawk-2023-_JM#position=43&search_layout=grid&type=item&tracking_id=f3579dbf-b25e-4b93-ab56-c8372d565f1f;https://http2.mlstatic.com/D_NQ_NP_660140-MLA71728456343_092023-W.jpg
43;Jeep Renegade 1.8 Sport At Plus;14.990.000;https://auto.mercadolibre.com.ar/MLA-1388241439-jeep-renegade-sport-at-bb-_JM#position=44&search_layout=grid&type=item&tracking_id=f3579dbf-b25e-4b93-ab56-c8372d565f1f;https://http2.mlstatic.com/D_NQ_NP_660199-MLA71652648150_092023-W.jpg
44;Jeep Renegade 1.8 Sport Plus;15.480.000;https://auto.mercadolibre.com.ar/MLA-1462729228-jeep-renegade-sport-at-2023-_JM#position=45&search_layout=grid&type=item&tracking_id=f3579dbf-b25e-4b93-ab56-c8372d565f1f;https://http2.mlstatic.com/D_NQ_NP_639091-MLA70745974734_072023-W.jpg
45;Jeep Renegade 1.8 Longitude At6;25.300.000;https://auto.mercadolibre.com.ar/MLA-1366281755-jeep-renegade-serie-s-_JM#position=46&search_layout=grid&type=item&tracking_id=f3579dbf-b25e-4b93-ab56-c8372d565f1f;https://http2.mlstatic.com/D_NQ_NP_702894-MLA54950906561_042023-W.jpg
46;Jeep Renegade 1.8 Sport;10.395.000;https://auto.mercadolibre.com.ar/MLA-1337931573-renegade-sport-18-mt5at6-financiacion-_JM#position=47&search_layout=grid&type=item&tracking_id=f3579dbf-b25e-4b93-ab56-c8372d565f1f;https://http2.mlstatic.com/D_NQ_NP_980178-MLA53645575303_022023-W.jpg
47;Jeep Renegade 1.8 Sport;8.699.000;https://auto.mercadolibre.com.ar/MLA-1317442468-jeep-renegade-sport-18-reservala-_JM#position=48&search_layout=grid&type=item&tracking_id=f3579dbf-b25e-4b93-ab56-c8372d565f1f;https://http2.mlstatic.com/D_NQ_NP_915553-MLA53409876496_012023-W.jpg
48;Jeep Renegade 1.8 Longitude At6;34.800;https://auto.mercadolibre.com.ar/MLA-1495313580-jeep-renegade-serie-s-0km-2023-automatica-bb-_JM#position=1&search_layout=grid&type=item&tracking_id=97b4a3ed-7402-4a52-a087-de9bee8cba1c;https://http2.mlstatic.com/D_NQ_NP_950751-MLA71502737247_092023-W.jpg
49;Jeep Renegade 2.4 Longitude At;33.900;https://auto.mercadolibre.com.ar/MLA-1382636041-jeep-renegade-serie-s-bb-_JM#position=2&search_layout=grid&type=item&tracking_id=97b4a3ed-7402-4a52-a087-de9bee8cba1c;https://http2.mlstatic.com/D_NQ_NP_813009-MLA71007649451_082023-W.jpg
50;Jeep Renegade 1.8 Longitude At6;22.790.000;https://auto.mercadolibre.com.ar/MLA-1429894620-jeep-renegade-serie-s-13t-at6-4x2-en-stock-para-entrega-hg-_JM#position=3&search_layout=grid&type=item&tracking_id=97b4a3ed-7402-4a52-a087-de9bee8cba1c;https://http2.mlstatic.com/D_NQ_NP_902915-MLA69853991375_062023-W.jpg
51;Jeep Renegade 2.4 Longitude At;25.560.000;https://auto.mercadolibre.com.ar/MLA-1428468480-jeep-renegade-longitude-serie-s-13t-175-cv-at-0-km-mc-_JM#position=4&search_layout=grid&type=item&tracking_id=97b4a3ed-7402-4a52-a087-de9bee8cba1c;https://http2.mlstatic.com/D_NQ_NP_669114-MLA69791375587_062023-W.jpg
52;Jeep Renegade 2.4 Trailhawk At9 4x4;26.900.000;https://auto.mercadolibre.com.ar/MLA-1535145092-jeep-renegade-13-trailhawk-2023-4x4-entrega-inmediata-agenc-_JM#position=5&search_layout=grid&type=item&tracking_id=97b4a3ed-7402-4a52-a087-de9bee8cba1c;https://http2.mlstatic.com/D_NQ_NP_864633-MLA69390278855_052023-W.jpg
53;Jeep Renegade 1.8 Sport;6.098.000;https://auto.mercadolibre.com.ar/MLA-1402517258-jeep-renegade-_JM#position=6&search_layout=grid&type=item&tracking_id=97b4a3ed-7402-4a52-a087-de9bee8cba1c;https://http2.mlstatic.com/D_NQ_NP_623820-MLA54965380109_042023-W.jpg
54;Jeep Renegade 2.4 Trailhawk At9 4x4;26.900.000;https://auto.mercadolibre.com.ar/MLA-1398464224-jeep-renegade-trailhawk-13-l-at9-4x4-_JM#position=7&search_layout=grid&type=item&tracking_id=97b4a3ed-7402-4a52-a087-de9bee8cba1c;https://http2.mlstatic.com/D_NQ_NP_908858-MLA54950081119_042023-W.jpg
55;Jeep Renegade 1.8 Sport;6.890.000;https://auto.mercadolibre.com.ar/MLA-1362325181-jeep-renegade-sport-agencia-oficial-_JM#position=8&search_layout=grid&type=item&tracking_id=97b4a3ed-7402-4a52-a087-de9bee8cba1c;https://http2.mlstatic.com/D_NQ_NP_836068-MLA54336046683_032023-W.jpg
56;Jeep Renegade 2.4 Trailhawk At9 4x4;33.150;https://auto.mercadolibre.com.ar/MLA-1259275394-renegade-trailhawk-my23-t270-hc-_JM#position=9&search_layout=grid&type=item&tracking_id=97b4a3ed-7402-4a52-a087-de9bee8cba1c;https://http2.mlstatic.com/D_NQ_NP_653380-MLA52594642902_112022-W.jpg
57;Jeep Renegade 1.8 Sport;4.960.600;https://auto.mercadolibre.com.ar/MLA-1376200797-jeep-renegade-sport-18-_JM#position=10&search_layout=grid&type=item&tracking_id=97b4a3ed-7402-4a52-a087-de9bee8cba1c;https://http2.mlstatic.com/D_NQ_NP_605625-MLA51758569662_092022-W.jpg
58;Jeep Renegade 2.4 Longitude At;31.800;https://auto.mercadolibre.com.ar/MLA-1171713366-jeep-renegade-longitude-13-hc-_JM#position=11&search_layout=grid&type=item&tracking_id=97b4a3ed-7402-4a52-a087-de9bee8cba1c;https://http2.mlstatic.com/D_NQ_NP_848837-MLA51614929026_092022-W.jpg
59;Jeep Renegade Sport 1.8;10.395.000;https://auto.mercadolibre.com.ar/MLA-1430899296-jeep-renegade-sport-mt5-2023-no-pagues-sobreprecio-gs-_JM#position=12&search_layout=grid&type=item&tracking_id=97b4a3ed-7402-4a52-a087-de9bee8cba1c;https://http2.mlstatic.com/D_NQ_NP_626735-MLA52238638043_112022-W.jpg
60;Jeep Renegade 1.8 Sport;15.000;https://auto.mercadolibre.com.ar/MLA-1535111440-jeep-renegade-2018-18-sport-_JM#position=13&search_layout=grid&type=item&tracking_id=97b4a3ed-7402-4a52-a087-de9bee8cba1c;https://http2.mlstatic.com/D_NQ_NP_792066-MLA72222926287_102023-W.jpg
61;Jeep Renegade 1.8 Longitude At6;24.510.000;https://auto.mercadolibre.com.ar/MLA-1391439045-jeep-renegade-longitude-serie-s-_JM#position=14&search_layout=grid&type=item&tracking_id=97b4a3ed-7402-4a52-a087-de9bee8cba1c;https://http2.mlstatic.com/D_NQ_NP_687351-MLA72049527122_102023-W.jpg
62;Jeep Renegade 1.8 Sport At Plus;21.900;https://auto.mercadolibre.com.ar/MLA-1390579971-jeep-renegade-sport-plus-automatica-impecable-garantia-_JM#position=15&search_layout=grid&type=item&tracking_id=97b4a3ed-7402-4a52-a087-de9bee8cba1c;https://http2.mlstatic.com/D_NQ_NP_925699-MLA72007835871_092023-W.jpg
63;Jeep Renegade 2.4 Trailhawk At9 4x4;27.600.000;https://auto.mercadolibre.com.ar/MLA-1389964109-renegade-trailhawk-13t-4x4-ls-_JM#position=16&search_layout=grid&type=item&tracking_id=97b4a3ed-7402-4a52-a087-de9bee8cba1c;https://http2.mlstatic.com/D_NQ_NP_825359-MLA71949852879_092023-W.jpg
64;Jeep Renegade 1.8 Sport At Plus;19.788.000;https://auto.mercadolibre.com.ar/MLA-1388748993-jeep-renegade-sport-c-_JM#position=17&search_layout=grid&type=item&tracking_id=97b4a3ed-7402-4a52-a087-de9bee8cba1c;https://http2.mlstatic.com/D_NQ_NP_646895-MLA71787894317_092023-W.jpg
65;Jeep Renegade 1.8 Longitude At6;22.900;https://auto.mercadolibre.com.ar/MLA-1386974317-jeep-renegade-longitude-at-4x2-l-_JM#position=18&search_layout=grid&type=item&tracking_id=97b4a3ed-7402-4a52-a087-de9bee8cba1c;https://http2.mlstatic.com/D_NQ_NP_725772-MLA71523049114_092023-W.jpg
66;Jeep Renegade 1.8 Sport;15.882;https://auto.mercadolibre.com.ar/MLA-1386501711-renegade-18l-sport-gui-_JM#position=19&search_layout=grid&type=item&tracking_id=97b4a3ed-7402-4a52-a087-de9bee8cba1c;https://http2.mlstatic.com/D_NQ_NP_782097-MLA71503632797_092023-W.jpg
67;Jeep Renegade 1.8 Sport;18.500;https://auto.mercadolibre.com.ar/MLA-1480947516-jeep-renegade-18-sport-2020-_JM#position=20&search_layout=grid&type=item&tracking_id=97b4a3ed-7402-4a52-a087-de9bee8cba1c;https://http2.mlstatic.com/D_NQ_NP_658284-MLA71241622748_082023-W.jpg
68;Jeep Renegade 1.8 Sport;12.490.000;https://auto.mercadolibre.com.ar/MLA-1381437853-jeep-renegade-sport-mt5-_JM#position=21&search_layout=grid&type=item&tracking_id=97b4a3ed-7402-4a52-a087-de9bee8cba1c;https://http2.mlstatic.com/D_NQ_NP_960201-MLA70866911153_082023-W.jpg
69;Jeep Renegade 1.8 Sport;13.900.000;https://auto.mercadolibre.com.ar/MLA-1377046159-jeep-renegade-sport-mt5-_JM#position=22&search_layout=grid&type=item&tracking_id=97b4a3ed-7402-4a52-a087-de9bee8cba1c;https://http2.mlstatic.com/D_NQ_NP_719518-MLA70483908947_072023-W.jpg
70;Jeep Renegade 1.8 Sport;13.900.000;https://auto.mercadolibre.com.ar/MLA-1399188812-jeep-renegade-sport-18-mt5-_JM#position=23&search_layout=grid&type=item&tracking_id=97b4a3ed-7402-4a52-a087-de9bee8cba1c;https://http2.mlstatic.com/D_NQ_NP_882883-MLA70440886027_072023-W.jpg
71;Jeep Renegade 1.8 Sport;10.395.000;https://auto.mercadolibre.com.ar/MLA-1364933674-jeep-renegade-sport-mt5-at6-financiadas-_JM#position=24&search_layout=grid&type=item&tracking_id=97b4a3ed-7402-4a52-a087-de9bee8cba1c;https://http2.mlstatic.com/D_NQ_NP_901076-MLA54202953003_032023-W.jpg
72;Jeep Renegade 1.8 Sport;10.395.000;https://auto.mercadolibre.com.ar/MLA-1338149889-renegade-sport-18-manual-_JM#position=25&search_layout=grid&type=item&tracking_id=97b4a3ed-7402-4a52-a087-de9bee8cba1c;https://http2.mlstatic.com/D_NQ_NP_983298-MLA53644874412_022023-W.jpg
73;Jeep Renegade 1.8 Longitude At6;8.720.000;https://auto.mercadolibre.com.ar/MLA-1281635900-jeep-renegade-18-s-_JM#position=26&search_layout=grid&type=item&tracking_id=97b4a3ed-7402-4a52-a087-de9bee8cba1c;https://http2.mlstatic.com/D_NQ_NP_634034-MLA52892974496_122022-W.jpg
74;Jeep Renegade 1.8 Sport;10.395.000;https://auto.mercadolibre.com.ar/MLA-1373185737-jeep-renegade-sport-mt5-2023-0km-gs-_JM#position=27&search_layout=grid&type=item&tracking_id=97b4a3ed-7402-4a52-a087-de9bee8cba1c;https://http2.mlstatic.com/D_NQ_NP_986359-MLA51593802187_092022-W.jpg
75;Jeep Renegade 1.8 Sport;16.200.000;https://auto.mercadolibre.com.ar/MLA-1157320336-jeep-renegade-sport-at6-my23-rm-_JM#position=28&search_layout=grid&type=item&tracking_id=97b4a3ed-7402-4a52-a087-de9bee8cba1c;https://http2.mlstatic.com/D_NQ_NP_755378-MLA69508771883_052023-W.jpg
76;Jeep Renegade 1.8 Sport At Plus;15.890.000;https://auto.mercadolibre.com.ar/MLA-883947955-jeep-renegade-18-sport-at-_JM#position=29&search_layout=grid&type=item&tracking_id=97b4a3ed-7402-4a52-a087-de9bee8cba1c;https://http2.mlstatic.com/D_NQ_NP_614027-MLA51554694475_092022-W.jpg
77;Jeep Renegade 1.8 Sport;13.700.000;https://auto.mercadolibre.com.ar/MLA-1523071498-jeep-renegade-18-sport-mt-_JM#position=30&search_layout=grid&type=item&tracking_id=97b4a3ed-7402-4a52-a087-de9bee8cba1c;https://http2.mlstatic.com/D_NQ_NP_706511-MLA71963298446_092023-W.jpg
78;Jeep Renegade 1.8 Sport;13.700.000;https://auto.mercadolibre.com.ar/MLA-1390531005-jeep-renegade-18-sport-mt-_JM#position=31&search_layout=grid&type=item&tracking_id=97b4a3ed-7402-4a52-a087-de9bee8cba1c;https://http2.mlstatic.com/D_NQ_NP_707930-MLA71951002168_092023-W.jpg
79;Jeep Renegade 2.4 Trailhawk At9 4x4;29.900.000;https://auto.mercadolibre.com.ar/MLA-1390398877-jeep-renegade-trailhawk-4x4-13t-t270-_JM#position=32&search_layout=grid&type=item&tracking_id=97b4a3ed-7402-4a52-a087-de9bee8cba1c;https://http2.mlstatic.com/D_NQ_NP_720094-MLA72000278679_092023-W.jpg
80;Jeep Renegade 1.8 Sport;14.493;https://auto.mercadolibre.com.ar/MLA-1512902032-jeep-renegade-18-130cv-mt5-2017-bb-_JM#position=33&search_layout=grid&type=item&tracking_id=97b4a3ed-7402-4a52-a087-de9bee8cba1c;https://http2.mlstatic.com/D_NQ_NP_819195-MLA71779995340_092023-W.jpg
81;Jeep Renegade 1.8 Sport;16.000.900;https://auto.mercadolibre.com.ar/MLA-1388896975-jeep-renegade-sport-at-6-18-_JM#position=34&search_layout=grid&type=item&tracking_id=97b4a3ed-7402-4a52-a087-de9bee8cba1c;https://http2.mlstatic.com/D_NQ_NP_687481-MLA71807491205_092023-W.jpg
82;Jeep Renegade 1.8 Sport;10.395.000;https://auto.mercadolibre.com.ar/MLA-1388694955-autodrive-concesionario-oficial-jeep-jeep-renegade-mt5-_JM#position=35&search_layout=grid&type=item&tracking_id=97b4a3ed-7402-4a52-a087-de9bee8cba1c;https://http2.mlstatic.com/D_NQ_NP_745848-MLA71734790336_092023-W.jpg
83;Jeep Renegade 1.8 Sport;10.395.000;https://auto.mercadolibre.com.ar/MLA-1388682497-autodrive-concesionario-oficial-jeep-jeep-renegade-_JM#position=36&search_layout=grid&type=item&tracking_id=97b4a3ed-7402-4a52-a087-de9bee8cba1c;https://http2.mlstatic.com/D_NQ_NP_673718-MLA71786617837_092023-W.jpg
84;Jeep Renegade 1.8 Sport;10.395.000;https://auto.mercadolibre.com.ar/MLA-1510930314-jeep-renegade-autodrive-concesionario-oficial-jeep-_JM#position=37&search_layout=grid&type=item&tracking_id=97b4a3ed-7402-4a52-a087-de9bee8cba1c;https://http2.mlstatic.com/D_NQ_NP_677316-MLA71786597467_092023-W.jpg
85;Jeep Renegade 1.8 Sport;10.395.000;https://auto.mercadolibre.com.ar/MLA-1388707715-autodrive-jeep-renegade-precio-oficial-_JM#position=38&search_layout=grid&type=item&tracking_id=97b4a3ed-7402-4a52-a087-de9bee8cba1c;https://http2.mlstatic.com/D_NQ_NP_611903-MLA71734503956_092023-W.jpg
86;Jeep Renegade 1.8 Sport;10.395.000;https://auto.mercadolibre.com.ar/MLA-1388669945-autodrive-jeep-renegade-18-sport-mt5-_JM#position=39&search_layout=grid&type=item&tracking_id=97b4a3ed-7402-4a52-a087-de9bee8cba1c;https://http2.mlstatic.com/D_NQ_NP_953329-MLA71786606331_092023-W.jpg
87;Jeep Renegade 1.8 Sport;10.395.000;https://auto.mercadolibre.com.ar/MLA-1510994646-jeep-renegade-18-sport-mt5-autodrive-_JM#position=40&search_layout=grid&type=item&tracking_id=97b4a3ed-7402-4a52-a087-de9bee8cba1c;https://http2.mlstatic.com/D_NQ_NP_861311-MLA71734808202_092023-W.jpg
88;Jeep Renegade 1.8 Sport;10.395.000;https://auto.mercadolibre.com.ar/MLA-1388682483-autodrive-jeep-renegade-precio-oficial-_JM#position=41&search_layout=grid&type=item&tracking_id=97b4a3ed-7402-4a52-a087-de9bee8cba1c;https://http2.mlstatic.com/D_NQ_NP_801518-MLA71734531980_092023-W.jpg
89;Jeep Renegade 1.8 Sport;10.395.000;https://auto.mercadolibre.com.ar/MLA-1388682467-jeep-renegade-18-sport-mt5-por-plan-_JM#position=42&search_layout=grid&type=item&tracking_id=97b4a3ed-7402-4a52-a087-de9bee8cba1c;https://http2.mlstatic.com/D_NQ_NP_779921-MLA71734796830_092023-W.jpg
90;Jeep Renegade 1.8 Sport;10.395.000;https://auto.mercadolibre.com.ar/MLA-1388682465-jeep-renegade-sport-mt5-precio-oficial-_JM#position=43&search_layout=grid&type=item&tracking_id=97b4a3ed-7402-4a52-a087-de9bee8cba1c;https://http2.mlstatic.com/D_NQ_NP_635191-MLA71734746544_092023-W.jpg
91;Jeep Renegade 1.8 Sport;10.395.000;https://auto.mercadolibre.com.ar/MLA-1510955842-jeep-renegade-sport-mt5-precio-de-lista-_JM#position=44&search_layout=grid&type=item&tracking_id=97b4a3ed-7402-4a52-a087-de9bee8cba1c;https://http2.mlstatic.com/D_NQ_NP_831274-MLA71786164629_092023-W.jpg
92;Jeep Renegade 1.8 Sport;10.395.000;https://auto.mercadolibre.com.ar/MLA-1510943224-autodrive-concesionario-oficial-jeep-renegade-sport-mt5-_JM#position=45&search_layout=grid&type=item&tracking_id=97b4a3ed-7402-4a52-a087-de9bee8cba1c;https://http2.mlstatic.com/D_NQ_NP_600309-MLA71786074677_092023-W.jpg
93;Jeep Renegade 1.8 Sport;10.395.000;https://auto.mercadolibre.com.ar/MLA-1510943216-jeep-renegade-precio-de-lista-_JM#position=46&search_layout=grid&type=item&tracking_id=97b4a3ed-7402-4a52-a087-de9bee8cba1c;https://http2.mlstatic.com/D_NQ_NP_843310-MLA71734420690_092023-W.jpg
94;Jeep Renegade 1.8 Sport;10.395.000;https://auto.mercadolibre.com.ar/MLA-1388694921-jeep-renegade-sport-plan-precio-oficial-_JM#position=47&search_layout=grid&type=item&tracking_id=97b4a3ed-7402-4a52-a087-de9bee8cba1c;https://http2.mlstatic.com/D_NQ_NP_820876-MLA71786113891_092023-W.jpg
95;Jeep Renegade 1.8 Sport;10.395.000;https://auto.mercadolibre.com.ar/MLA-1388720201-jeep-renegade-sport-autodrive-_JM#position=48&search_layout=grid&type=item&tracking_id=97b4a3ed-7402-4a52-a087-de9bee8cba1c;https://http2.mlstatic.com/D_NQ_NP_874177-MLA71786113313_092023-W.jpg
96;Jeep Renegade 1.8 Longitude At6;25.561.000;https://auto.mercadolibre.com.ar/MLA-1370345597-jeep-renegade-longitude-serie-s-13t-175cv-0-km-mc-_JM#position=1&search_layout=grid&type=item&tracking_id=35c4d33c-dca7-4b25-aa2a-16da59a784b0;https://http2.mlstatic.com/D_NQ_NP_814030-MLA70304243045_072023-W.jpg
97;Jeep Renegade 1.8 Longitude At6;22.790.000;https://auto.mercadolibre.com.ar/MLA-1370235621-jeep-renegade-longitude-13t-4x2-mp-_JM#position=2&search_layout=grid&type=item&tracking_id=35c4d33c-dca7-4b25-aa2a-16da59a784b0;https://http2.mlstatic.com/D_NQ_NP_829692-MLA69494808337_052023-W.jpg
98;Jeep Renegade 1.8 Sport;10.395.000;https://auto.mercadolibre.com.ar/MLA-1419451038-jeep-renegade-2023-automatica-plan-_JM#position=3&search_layout=grid&type=item&tracking_id=35c4d33c-dca7-4b25-aa2a-16da59a784b0;https://http2.mlstatic.com/D_NQ_NP_985741-MLA69491681187_052023-W.jpg
99;Jeep Renegade 2.4 Trailhawk At9 4x4;26.990.000;https://auto.mercadolibre.com.ar/MLA-1417130140-jeep-renegade-trailhawk-4x4-13-turbo-automatico-ng-_JM#position=4&search_layout=grid&type=item&tracking_id=35c4d33c-dca7-4b25-aa2a-16da59a784b0;https://http2.mlstatic.com/D_NQ_NP_980979-MLA69411467834_052023-W.jpg
100;Jeep Renegade 1.8 Sport;14.000;https://auto.mercadolibre.com.ar/MLA-1383872333-jeep-renegade-_JM#position=5&search_layout=grid&type=item&tracking_id=35c4d33c-dca7-4b25-aa2a-16da59a784b0;https://http2.mlstatic.com/D_NQ_NP_746226-MLA54766567118_032023-W.jpg
101;Jeep Renegade 1.8 Sport;6.940.000;https://auto.mercadolibre.com.ar/MLA-1370155042-jeep-renegade-sport-18-130-cv-_JM#position=6&search_layout=grid&type=item&tracking_id=35c4d33c-dca7-4b25-aa2a-16da59a784b0;https://http2.mlstatic.com/D_NQ_NP_983908-MLA54337745134_032023-W.jpg
102;Jeep Renegade 1.8 Sport;10.395.000;https://auto.mercadolibre.com.ar/MLA-1339324310-jeep-renegade-tasa-cero-_JM#position=7&search_layout=grid&type=item&tracking_id=35c4d33c-dca7-4b25-aa2a-16da59a784b0;https://http2.mlstatic.com/D_NQ_NP_778904-MLA53681586330_022023-W.jpg
103;Jeep Renegade 1.8 Sport;10.395.000;https://auto.mercadolibre.com.ar/MLA-1339317792-jeep-renegade-sport-18l-la-mejor-oferta-del-mercado-_JM#position=8&search_layout=grid&type=item&tracking_id=35c4d33c-dca7-4b25-aa2a-16da59a784b0;https://http2.mlstatic.com/D_NQ_NP_935889-MLA53681290526_022023-W.jpg
104;Jeep Renegade 1.8 Sport;10.395.000;https://auto.mercadolibre.com.ar/MLA-1339742425-jeep-renegade-sport-financiamientoo-de-fabrica-_JM#position=9&search_layout=grid&type=item&tracking_id=35c4d33c-dca7-4b25-aa2a-16da59a784b0;https://http2.mlstatic.com/D_NQ_NP_604552-MLA53681213696_022023-W.jpg
105;Jeep Renegade 1.8 Sport;10.395.000;https://auto.mercadolibre.com.ar/MLA-1339184871-jeep-renegade-mejor-financiacion-del-mercado-_JM#position=10&search_layout=grid&type=item&tracking_id=35c4d33c-dca7-4b25-aa2a-16da59a784b0;https://http2.mlstatic.com/D_NQ_NP_827625-MLA53668449905_022023-W.jpg
106;Jeep Renegade 1.8 Sport;10.395.000;https://auto.mercadolibre.com.ar/MLA-1338908856-jeep-renegade-la-mejor-del-mercado-_JM#position=11&search_layout=grid&type=item&tracking_id=35c4d33c-dca7-4b25-aa2a-16da59a784b0;https://http2.mlstatic.com/D_NQ_NP_841994-MLA53667929844_022023-W.jpg
107;Jeep Renegade 1.8 Sport;10.395.000;https://auto.mercadolibre.com.ar/MLA-1339139142-jeep-renegade-super-precios-bonificados-_JM#position=12&search_layout=grid&type=item&tracking_id=35c4d33c-dca7-4b25-aa2a-16da59a784b0;https://http2.mlstatic.com/D_NQ_NP_624649-MLA53667888965_022023-W.jpg
108;Jeep Renegade 1.8 Sport;10.395.000;https://auto.mercadolibre.com.ar/MLA-1337711767-renegade-sport-manual-financiacion-directa-_JM#position=13&search_layout=grid&type=item&tracking_id=35c4d33c-dca7-4b25-aa2a-16da59a784b0;https://http2.mlstatic.com/D_NQ_NP_766903-MLA53644702182_022023-W.jpg
109;Jeep Renegade 2.4 Longitude At;23.800.000;https://auto.mercadolibre.com.ar/MLA-1491599624-jeep-renegade-longitude-s-13-turbo-175-cv-ng-2023-_JM#position=14&search_layout=grid&type=item&tracking_id=35c4d33c-dca7-4b25-aa2a-16da59a784b0;https://http2.mlstatic.com/D_NQ_NP_637347-MLA69495151107_052023-W.jpg
110;Jeep Renegade 1.8 Sport At Plus;15.900.000;https://auto.mercadolibre.com.ar/MLA-1245979098-jeep-renegade-sport-18-at6-4x2-_JM#position=15&search_layout=grid&type=item&tracking_id=35c4d33c-dca7-4b25-aa2a-16da59a784b0;https://http2.mlstatic.com/D_NQ_NP_619252-MLA51469270217_092022-W.jpg
111;Jeep Renegade 1.8 Sport At Plus;16.200.000;https://auto.mercadolibre.com.ar/MLA-1161376498-renegade-sport-at-hc-_JM#position=16&search_layout=grid&type=item&tracking_id=35c4d33c-dca7-4b25-aa2a-16da59a784b0;https://http2.mlstatic.com/D_NQ_NP_965269-MLA51370791040_092022-W.jpg
112;Jeep Renegade 1.8 Longitude At6;22.890.000;https://auto.mercadolibre.com.ar/MLA-1535167686-jeep-renegade-serie-s-mp-_JM#position=17&search_layout=grid&type=item&tracking_id=35c4d33c-dca7-4b25-aa2a-16da59a784b0;https://http2.mlstatic.com/D_NQ_NP_642459-MLA72165394473_102023-W.jpg
113;Jeep Renegade 2.4 Trailhawk At9 4x4;38.900;https://auto.mercadolibre.com.ar/MLA-1391866883-jeep-renegade-trailhawk-4x4-at9-2023-okm-off-road-_JM#position=18&search_layout=grid&type=item&tracking_id=35c4d33c-dca7-4b25-aa2a-16da59a784b0;https://http2.mlstatic.com/D_NQ_NP_949851-MLA72122964494_102023-W.jpg
114;Jeep Renegade 1.8 Sport At Plus;20.000;https://auto.mercadolibre.com.ar/MLA-1391156575-jeep-renegade-18-sport-at-plus-2019-_JM#position=19&search_layout=grid&type=item&tracking_id=35c4d33c-dca7-4b25-aa2a-16da59a784b0;https://http2.mlstatic.com/D_NQ_NP_628962-MLA72023186372_102023-W.jpg
115;Jeep Renegade 1.8 Longitude At6;33.000;https://auto.mercadolibre.com.ar/MLA-1391178495-jeep-renegade-13t-4x2-longitude-at-2022-nafta-color-negro-_JM#position=20&search_layout=grid&type=item&tracking_id=35c4d33c-dca7-4b25-aa2a-16da59a784b0;https://http2.mlstatic.com/D_NQ_NP_683106-MLA72021546116_102023-W.jpg
116;Jeep Renegade 1.8 Longitude At6;25.000;https://auto.mercadolibre.com.ar/MLA-1390570147-jeep-renegade-18-longitude-at-6-_JM#position=21&search_layout=grid&type=item&tracking_id=35c4d33c-dca7-4b25-aa2a-16da59a784b0;https://http2.mlstatic.com/D_NQ_NP_629386-MLA72008329695_092023-W.jpg
117;Jeep Renegade 2.4 Trailhawk At9 4x4;26.990.000;https://auto.mercadolibre.com.ar/MLA-1521642506-jeep-renegade-trailhawk-13t-_JM#position=22&search_layout=grid&type=item&tracking_id=35c4d33c-dca7-4b25-aa2a-16da59a784b0;https://http2.mlstatic.com/D_NQ_NP_666666-MLA71944905994_092023-W.jpg
118;Jeep Renegade 1.8 Sport Autom√°tica;15.610.000;https://auto.mercadolibre.com.ar/MLA-1518314626-jeep-renegade-18-sport-automatica-_JM#position=23&search_layout=grid&type=item&tracking_id=35c4d33c-dca7-4b25-aa2a-16da59a784b0;https://http2.mlstatic.com/D_NQ_NP_894776-MLA71932329837_092023-W.jpg
119;Jeep Renegade 1.8 Sport At;14.000.000;https://auto.mercadolibre.com.ar/MLA-1518050862-jeep-renegade-sport-at-2017-109800-_JM#position=24&search_layout=grid&type=item&tracking_id=35c4d33c-dca7-4b25-aa2a-16da59a784b0;https://http2.mlstatic.com/D_NQ_NP_917522-MLA71927218487_092023-W.jpg
120;Jeep Renegade 1.8 Longitude At6;23.600.000;https://auto.mercadolibre.com.ar/MLA-1389070977-renegade-serie-s-13t-ls-_JM#position=25&search_layout=grid&type=item&tracking_id=35c4d33c-dca7-4b25-aa2a-16da59a784b0;https://http2.mlstatic.com/D_NQ_NP_666561-MLA71780907222_092023-W.jpg
121;Jeep Renegade 1.8 Sport At Plus;18.000;https://auto.mercadolibre.com.ar/MLA-1512234276-jeep-renegade-sport-at-2019-con-53000-km-l-_JM#position=26&search_layout=grid&type=item&tracking_id=35c4d33c-dca7-4b25-aa2a-16da59a784b0;https://http2.mlstatic.com/D_NQ_NP_862959-MLA71756324568_092023-W.jpg
122;Jeep Renegade 1.8 Sport At Plus;13.000.000;https://auto.mercadolibre.com.ar/MLA-1388192249-jeep-renegade-sport-at-bb-_JM#position=27&search_layout=grid&type=item&tracking_id=35c4d33c-dca7-4b25-aa2a-16da59a784b0;https://http2.mlstatic.com/D_NQ_NP_781769-MLA71653323206_092023-W.jpg
123;Jeep Renegade Sport At;14.500.000;https://auto.mercadolibre.com.ar/MLA-1506955458-nuevo-jeep-renegade-18-sport-at6-0km-2023-entrega-inmediata-_JM#position=28&search_layout=grid&type=item&tracking_id=35c4d33c-dca7-4b25-aa2a-16da59a784b0;https://http2.mlstatic.com/D_NQ_NP_655888-MLA71626419250_092023-W.jpg
124;Jeep Renegade 1.8 Sport;17.900.000;https://auto.mercadolibre.com.ar/MLA-1506044510-jeep-renegade-sport-at6-motor-18-130cv-nueva-linea-ds-_JM#position=29&search_layout=grid&type=item&tracking_id=35c4d33c-dca7-4b25-aa2a-16da59a784b0;https://http2.mlstatic.com/D_NQ_NP_711743-MLA71655111685_092023-W.jpg
125;Jeep Renegade 1.8 Sport At Plus;15.989.000;https://auto.mercadolibre.com.ar/MLA-1390862719-jeep-renegade-18-4x2-sport-at-51000-2020-rojo-_JM#position=30&search_layout=grid&type=item&tracking_id=35c4d33c-dca7-4b25-aa2a-16da59a784b0;https://http2.mlstatic.com/D_NQ_NP_776533-MLA70825903243_082023-W.jpg
126;Jeep Renegade 2.4 Trailhawk At9 4x4;26.990.000;https://auto.mercadolibre.com.ar/MLA-1377918821-jeep-renegade-trailhawk-13t-at9-_JM#position=31&search_layout=grid&type=item&tracking_id=35c4d33c-dca7-4b25-aa2a-16da59a784b0;https://http2.mlstatic.com/D_NQ_NP_793036-MLA70538340718_072023-W.jpg
127;Jeep Renegade 1.8 Longitude At6;19.839.400;https://auto.mercadolibre.com.ar/MLA-1452031530-jeep-renegade-serie-s-13-turbo-zona-sur-js-_JM#position=32&search_layout=grid&type=item&tracking_id=35c4d33c-dca7-4b25-aa2a-16da59a784b0;https://http2.mlstatic.com/D_NQ_NP_669411-MLA69942527732_062023-W.jpg
128;Jeep Renegade 1.8 Longitude At6;22.780.000;https://auto.mercadolibre.com.ar/MLA-1372423149-jeep-renegade-longitude-serie-s-13-turbo-automatico-ng-_JM#position=33&search_layout=grid&type=item&tracking_id=35c4d33c-dca7-4b25-aa2a-16da59a784b0;https://http2.mlstatic.com/D_NQ_NP_952524-MLA69841601439_062023-W.jpg
129;Jeep Renegade 1.8 Longitude At6;22.790.000;https://auto.mercadolibre.com.ar/MLA-1371755479-jeep-renegade-longitude-serie-s-stock-en-sucursal-mp-_JM#position=34&search_layout=grid&type=item&tracking_id=35c4d33c-dca7-4b25-aa2a-16da59a784b0;https://http2.mlstatic.com/D_NQ_NP_820178-MLA69759676601_062023-W.jpg
130;Jeep Renegade 2.4 Longitude At;20.831.400;https://auto.mercadolibre.com.ar/MLA-1388353136-jeep-renegade-serie-s-t270-13-at6-4x2-longitud--_JM#position=35&search_layout=grid&type=item&tracking_id=35c4d33c-dca7-4b25-aa2a-16da59a784b0;https://http2.mlstatic.com/D_NQ_NP_926382-MLA54846229705_042023-W.jpg
131;Jeep Renegade 1.8 Sport At Plus;17.700.000;https://auto.mercadolibre.com.ar/MLA-1391552440-jeep-renegade-sport-13-t-at6-_JM#position=36&search_layout=grid&type=item&tracking_id=35c4d33c-dca7-4b25-aa2a-16da59a784b0;https://http2.mlstatic.com/D_NQ_NP_894052-MLA54760728896_032023-W.jpg
132;Jeep Renegade 1.8 Sport;6.941.000;https://auto.mercadolibre.com.ar/MLA-1382797600-jeep-renegade-sport-18-mc-_JM#position=37&search_layout=grid&type=item&tracking_id=35c4d33c-dca7-4b25-aa2a-16da59a784b0;https://http2.mlstatic.com/D_NQ_NP_667121-MLA54741430996_032023-W.jpg
133;Jeep Renegade 1.8 Longitude At6;13.645.200;https://auto.mercadolibre.com.ar/MLA-1373066170-jeep-renegade-sport-18l-automatica-at6-4x2-2023--_JM#position=38&search_layout=grid&type=item&tracking_id=35c4d33c-dca7-4b25-aa2a-16da59a784b0;https://http2.mlstatic.com/D_NQ_NP_853171-MLA54410026182_032023-W.jpg
134;Jeep Renegade 2.4 Longitude At;22.790.000;https://auto.mercadolibre.com.ar/MLA-1367522868-jeep-renegade-longitude-serie-s-13t-entrega-inmediata-gs-_JM#position=39&search_layout=grid&type=item&tracking_id=35c4d33c-dca7-4b25-aa2a-16da59a784b0;https://http2.mlstatic.com/D_NQ_NP_824348-MLA54265775146_032023-W.jpg
135;Jeep Renegade 1.8 Sport At Plus;15.890.000;https://auto.mercadolibre.com.ar/MLA-1361695096-jeep-renegade-sport-at-_JM#position=40&search_layout=grid&type=item&tracking_id=35c4d33c-dca7-4b25-aa2a-16da59a784b0;https://http2.mlstatic.com/D_NQ_NP_759541-MLA54120318026_032023-W.jpg
136;Jeep Renegade 1.8 Sport;10.395.000;https://auto.mercadolibre.com.ar/MLA-1337737189-my23-nueva-jeep-renegade-super-equipada-promocion-oficial-_JM#position=41&search_layout=grid&type=item&tracking_id=35c4d33c-dca7-4b25-aa2a-16da59a784b0;https://http2.mlstatic.com/D_NQ_NP_935088-MLA53644368712_022023-W.jpg
137;Jeep Renegade 1.8 Sport;10.395.000;https://auto.mercadolibre.com.ar/MLA-1337730569-my23-nueva-jeep-renegade-super-equipada-promocion-oficial-_JM#position=42&search_layout=grid&type=item&tracking_id=35c4d33c-dca7-4b25-aa2a-16da59a784b0;https://http2.mlstatic.com/D_NQ_NP_717756-MLA53644201808_022023-W.jpg
138;Jeep Renegade 1.8 Sport;10.395.000;https://auto.mercadolibre.com.ar/MLA-1337929898-my23-nueva-jeep-renegade-actualizada-concesionario-oficial-_JM#position=43&search_layout=grid&type=item&tracking_id=35c4d33c-dca7-4b25-aa2a-16da59a784b0;https://http2.mlstatic.com/D_NQ_NP_843308-MLA53643831261_022023-W.jpg
139;Jeep Renegade 2.4 Longitude At;43.000;https://auto.mercadolibre.com.ar/MLA-1531640664-jeep-renegade-trailhawk-13t-my23-consultar-stock-14-_JM#position=44&search_layout=grid&type=item&tracking_id=35c4d33c-dca7-4b25-aa2a-16da59a784b0;https://http2.mlstatic.com/D_NQ_NP_773041-MLA51815094277_102022-W.jpg
140;Jeep Renegade 1.8 Sport;14.000.000;https://auto.mercadolibre.com.ar/MLA-1391381537-jeep-renegade-sport-18-mt5-entrega-inmediata-my23-15-_JM#position=45&search_layout=grid&type=item&tracking_id=35c4d33c-dca7-4b25-aa2a-16da59a784b0;https://http2.mlstatic.com/D_NQ_NP_709414-MLA50713994330_072022-W.jpg
141;Jeep Renegade 1.8 Sport;13.501;https://auto.mercadolibre.com.ar/MLA-1530968488-jeep-renegade-sport-mt-2017-bb-_JM#position=46&search_layout=grid&type=item&tracking_id=35c4d33c-dca7-4b25-aa2a-16da59a784b0;https://http2.mlstatic.com/D_NQ_NP_601333-MLA72076882438_102023-W.jpg
142;Jeep Renegade 1.8 Longitude At6;24.500.000;https://auto.mercadolibre.com.ar/MLA-1391348137-jeep-renegade-longitude-serie-s-_JM#position=47&search_layout=grid&type=item&tracking_id=35c4d33c-dca7-4b25-aa2a-16da59a784b0;https://http2.mlstatic.com/D_NQ_NP_676366-MLA72049430432_102023-W.jpg
143;Jeep Renegade 1.8 Sport At Plus;19.500.000;https://auto.mercadolibre.com.ar/MLA-1525927368-jeep-renegade-sport-18-130cv-at6fj-_JM#position=48&search_layout=grid&type=item&tracking_id=35c4d33c-dca7-4b25-aa2a-16da59a784b0;https://http2.mlstatic.com/D_NQ_NP_724477-MLA72059456895_102023-W.jpg
144;Jeep Renegade 1.8 Sport;14.690.000;https://auto.mercadolibre.com.ar/MLA-1389006439-jeep-renedade-sport-18-at6-fwd-stock-en-sucursal-mp-_JM#position=1&search_layout=grid&type=item&tracking_id=158019ef-ac7d-43bb-971f-e1c905a6d37a;https://http2.mlstatic.com/D_NQ_NP_748484-MLA71772291366_092023-W.jpg
145;Jeep Renegade 1.8 Sport At Plus;14.679.000;https://auto.mercadolibre.com.ar/MLA-1388870433-jeep-renegade-sport-automatico-ng-_JM#position=2&search_layout=grid&type=item&tracking_id=158019ef-ac7d-43bb-971f-e1c905a6d37a;https://http2.mlstatic.com/D_NQ_NP_609486-MLA71754801850_092023-W.jpg
146;Jeep Renegade 1.8 Sport;14.680.000;https://auto.mercadolibre.com.ar/MLA-1388799877-jeep-renegade-sport-at-130-cv-automatico-ng-_JM#position=3&search_layout=grid&type=item&tracking_id=158019ef-ac7d-43bb-971f-e1c905a6d37a;https://http2.mlstatic.com/D_NQ_NP_764391-MLA71750291382_092023-W.jpg
147;Jeep Renegade 1.8 Sport;16.587.000;https://auto.mercadolibre.com.ar/MLA-1388734843-jeep-renegade-sport-c-_JM#position=4&search_layout=grid&type=item&tracking_id=158019ef-ac7d-43bb-971f-e1c905a6d37a;https://http2.mlstatic.com/D_NQ_NP_908128-MLA71736257200_092023-W.jpg
148;Jeep Renegade 1.8 Sport At Plus;15.890.000;https://auto.mercadolibre.com.ar/MLA-1505283020-jeep-renegade-sport-18-at6-0km-_JM#position=5&search_layout=grid&type=item&tracking_id=158019ef-ac7d-43bb-971f-e1c905a6d37a;https://http2.mlstatic.com/D_NQ_NP_627995-MLA71603812770_092023-W.jpg
149;Jeep Renegade 1.8 Sport At Plus;17.877.000;https://auto.mercadolibre.com.ar/MLA-1387064739-jeep-renegade-sport-18-aut-0-km-entrega-inmediata-mc-_JM#position=6&search_layout=grid&type=item&tracking_id=158019ef-ac7d-43bb-971f-e1c905a6d37a;https://http2.mlstatic.com/D_NQ_NP_889600-MLA71570709325_092023-W.jpg
150;Jeep Renegade 1.8 Longitude At6;18.820.000;https://auto.mercadolibre.com.ar/MLA-1498227482-jeep-renegade-18-longitude-at-2022-_JM#position=7&search_layout=grid&type=item&tracking_id=158019ef-ac7d-43bb-971f-e1c905a6d37a;https://http2.mlstatic.com/D_NQ_NP_637231-MLA71549408043_092023-W.jpg
151;Jeep Renegade 2.4 Trailhawk At9 4x4;41.639;https://auto.mercadolibre.com.ar/MLA-1386435567-jeep-trailhawk-4x4-motor-13lturbo-nafta-175cv-at9bb-_JM#position=8&search_layout=grid&type=item&tracking_id=158019ef-ac7d-43bb-971f-e1c905a6d37a;https://http2.mlstatic.com/D_NQ_NP_920052-MLA71456465780_092023-W.jpg
152;Jeep Renegade 1.8 Sport At Plus;14.900;https://auto.mercadolibre.com.ar/MLA-1532545496-jeep-renegade-2017-18-sport-at-plus-_JM#position=9&search_layout=grid&type=item&tracking_id=158019ef-ac7d-43bb-971f-e1c905a6d37a;https://http2.mlstatic.com/D_NQ_NP_742774-MLA71374728663_082023-W.jpg
153;Jeep Renegade 2.4 Trailhawk At9 4x4;39.115.000;https://auto.mercadolibre.com.ar/MLA-1451214526-jeep-renegade-trailhawk-13-at9-4x4-jf-_JM#position=10&search_layout=grid&type=item&tracking_id=158019ef-ac7d-43bb-971f-e1c905a6d37a;https://http2.mlstatic.com/D_NQ_NP_865170-MLA70510465838_072023-W.jpg
154;Jeep Renegade 1.8 Longitude At6;22.790.000;https://auto.mercadolibre.com.ar/MLA-1372357521-jeep-renegade-longitude-serie-s-13-turbo-automatico-ng-_JM#position=11&search_layout=grid&type=item&tracking_id=158019ef-ac7d-43bb-971f-e1c905a6d37a;https://http2.mlstatic.com/D_NQ_NP_913107-MLA69840856861_062023-W.jpg
155;Jeep Renegade 2.4 Longitude At;26.990.000;https://auto.mercadolibre.com.ar/MLA-1371715537-jeep-renegade-trailhawk-13t-t270-entrega-inmediata-mp-_JM#position=12&search_layout=grid&type=item&tracking_id=158019ef-ac7d-43bb-971f-e1c905a6d37a;https://http2.mlstatic.com/D_NQ_NP_932006-MLA69758306811_062023-W.jpg
156;Jeep Renegade 1.8 Sport;10.395.000;https://auto.mercadolibre.com.ar/MLA-1367377837-renegade-sport-4x2-100-financiamiento-jeep-plan-_JM#position=13&search_layout=grid&type=item&tracking_id=158019ef-ac7d-43bb-971f-e1c905a6d37a;https://http2.mlstatic.com/D_NQ_NP_798861-MLA54976245550_042023-W.jpg
157;Jeep Renegade 1.8 Sport;6.940.000;https://auto.mercadolibre.com.ar/MLA-1382719016-jeep-renegade-18-agencia-oficial-_JM#position=14&search_layout=grid&type=item&tracking_id=158019ef-ac7d-43bb-971f-e1c905a6d37a;https://http2.mlstatic.com/D_NQ_NP_814731-MLA54737875565_032023-W.jpg
158;Jeep Renegade 1.8 Sport;13.528.000;https://auto.mercadolibre.com.ar/MLA-1483031788-jeep-renegade-sport-18l-2018-_JM#position=15&search_layout=grid&type=item&tracking_id=158019ef-ac7d-43bb-971f-e1c905a6d37a;https://http2.mlstatic.com/D_NQ_NP_695616-MLA54289463655_032023-W.jpg
159;Jeep Renegade 1.8 Sport;10.395.000;https://auto.mercadolibre.com.ar/MLA-1337730805-renegade-sport-mt-financiacion-_JM#position=16&search_layout=grid&type=item&tracking_id=158019ef-ac7d-43bb-971f-e1c905a6d37a;https://http2.mlstatic.com/D_NQ_NP_894863-MLA53644610137_022023-W.jpg
160;Jeep Renegade 1.8 Sport;10.395.000;https://auto.mercadolibre.com.ar/MLA-1337929813-jeep-renegade-sport-super-equipada-oficial-_JM#position=17&search_layout=grid&type=item&tracking_id=158019ef-ac7d-43bb-971f-e1c905a6d37a;https://http2.mlstatic.com/D_NQ_NP_957712-MLA53643744211_022023-W.jpg
161;Jeep Renegade 1.8 Sport;10.395.000;https://auto.mercadolibre.com.ar/MLA-1337710747-jeep-renegade-sport-at6-2023-0km-precio-lista-oficial-_JM#position=18&search_layout=grid&type=item&tracking_id=158019ef-ac7d-43bb-971f-e1c905a6d37a;https://http2.mlstatic.com/D_NQ_NP_830223-MLA53643427712_022023-W.jpg
162;Jeep Renegade 2.4 Trailhawk At9 4x4;38.900;https://auto.mercadolibre.com.ar/MLA-1522289924-jeep-renegade-13-t270-4x4-trailhawk-2023-0km-at9-nuevo-_JM#position=19&search_layout=grid&type=item&tracking_id=158019ef-ac7d-43bb-971f-e1c905a6d37a;https://http2.mlstatic.com/D_NQ_NP_913705-MLA53199992768_012023-W.jpg
163;Jeep Renegade 1.8 Sport;9.820.000;https://auto.mercadolibre.com.ar/MLA-1268100461-jeep-renegade-18-0-km-_JM#position=20&search_layout=grid&type=item&tracking_id=158019ef-ac7d-43bb-971f-e1c905a6d37a;https://http2.mlstatic.com/D_NQ_NP_746584-MLA69137600145_042023-W.jpg
164;Jeep Renegade 1.8 Sport At Plus;21.900;https://auto.mercadolibre.com.ar/MLA-1345725928-jeep-renegade-sport-at6-my23-rm-_JM#position=21&search_layout=grid&type=item&tracking_id=158019ef-ac7d-43bb-971f-e1c905a6d37a;https://http2.mlstatic.com/D_NQ_NP_810923-MLA51465950796_092022-W.jpg
165;Jeep Renegade 1.8 Sport;12.490.000;https://auto.mercadolibre.com.ar/MLA-873138108-jeep-renegade-18-sport-mt-_JM#position=22&search_layout=grid&type=item&tracking_id=158019ef-ac7d-43bb-971f-e1c905a6d37a;https://http2.mlstatic.com/D_NQ_NP_805794-MLA51554543980_092022-W.jpg
166;Jeep Renegade 2.4 Longitude At;17.900.000;https://auto.mercadolibre.com.ar/MLA-1533780578-jeep-renegade-24-longitude-4x4-at9-2016-_JM#position=23&search_layout=grid&type=item&tracking_id=158019ef-ac7d-43bb-971f-e1c905a6d37a;https://http2.mlstatic.com/D_NQ_NP_726624-MLA72160087982_102023-W.jpg
167;Jeep Renegade 1.8 Sport;12.900;https://auto.mercadolibre.com.ar/MLA-1391945163-jeeprenegade-sport-manual-_JM#position=24&search_layout=grid&type=item&tracking_id=158019ef-ac7d-43bb-971f-e1c905a6d37a;https://http2.mlstatic.com/D_NQ_NP_649822-MLA72184145215_102023-W.jpg
168;Jeep Renegade 1.8 Sport At Plus;14.691.000;https://auto.mercadolibre.com.ar/MLA-1523108330-jeep-renegade-sport-at6-_JM#position=25&search_layout=grid&type=item&tracking_id=158019ef-ac7d-43bb-971f-e1c905a6d37a;https://http2.mlstatic.com/D_NQ_NP_958941-MLA72018234167_092023-W.jpg
169;Jeep Renegade 1.8 Sport At Plus;14.690.000;https://auto.mercadolibre.com.ar/MLA-1390265399-nueva-jeep-renegade-sport-18l-at6-fwd-entrega-inmediata-mp-_JM#position=26&search_layout=grid&type=item&tracking_id=158019ef-ac7d-43bb-971f-e1c905a6d37a;https://http2.mlstatic.com/D_NQ_NP_727490-MLA71982733371_092023-W.jpg
170;Jeep Renegade 2.4 Trailhawk At9 4x4;29.600.000;https://auto.mercadolibre.com.ar/MLA-1520214990-jeep-renegade-13-trailhawk-at9-4x4-0-km-mc-_JM#position=27&search_layout=grid&type=item&tracking_id=158019ef-ac7d-43bb-971f-e1c905a6d37a;https://http2.mlstatic.com/D_NQ_NP_745436-MLA71957556319_092023-W.jpg
171;Jeep Renegade 1.8 Longitude At6;21.662.000;https://auto.mercadolibre.com.ar/MLA-1516067950-jeep-renegade-longitude-s-_JM#position=28&search_layout=grid&type=item&tracking_id=158019ef-ac7d-43bb-971f-e1c905a6d37a;https://http2.mlstatic.com/D_NQ_NP_799890-MLA71826824286_092023-W.jpg
172;Jeep Renegade 1.8 Sport Plus;13.500;https://auto.mercadolibre.com.ar/MLA-1389059789-jeep-renegade-sport-plus-_JM#position=29&search_layout=grid&type=item&tracking_id=158019ef-ac7d-43bb-971f-e1c905a6d37a;https://http2.mlstatic.com/D_NQ_NP_816411-MLA71833864323_092023-W.jpg
173;Jeep Renegade 1.8 Sport At Plus;14.499.000;https://auto.mercadolibre.com.ar/MLA-1388164589-jeep-renegade-sport-brian-_JM#position=30&search_layout=grid&type=item&tracking_id=158019ef-ac7d-43bb-971f-e1c905a6d37a;https://http2.mlstatic.com/D_NQ_NP_766738-MLA71702693389_092023-W.jpg
174;Jeep Renegade 1.8 Sport At Plus;15.890.000;https://auto.mercadolibre.com.ar/MLA-1505409696-jeep-renegade-sport-18-at6-_JM#position=31&search_layout=grid&type=item&tracking_id=158019ef-ac7d-43bb-971f-e1c905a6d37a;https://http2.mlstatic.com/D_NQ_NP_802879-MLA71652858301_092023-W.jpg
175;Jeep Renegade 1.8 Sport At Plus;17.700.000;https://auto.mercadolibre.com.ar/MLA-1387796527-jeep-renegade-sport-at6-_JM#position=32&search_layout=grid&type=item&tracking_id=158019ef-ac7d-43bb-971f-e1c905a6d37a;https://http2.mlstatic.com/D_NQ_NP_818466-MLA71603309616_092023-W.jpg
176;Jeep Renegade 1.8 Sport At Plus;19.963;https://auto.mercadolibre.com.ar/MLA-1504489006-jeep-renegade-sport-18-130cv-at6-4x2-bb-_JM#position=33&search_layout=grid&type=item&tracking_id=158019ef-ac7d-43bb-971f-e1c905a6d37a;https://http2.mlstatic.com/D_NQ_NP_987967-MLA71631852533_092023-W.jpg
177;Jeep Renegade 1.8 Sport;14.500;https://auto.mercadolibre.com.ar/MLA-1387352275-jeep-renegade-sport-mt-_JM#position=34&search_layout=grid&type=item&tracking_id=158019ef-ac7d-43bb-971f-e1c905a6d37a;https://http2.mlstatic.com/D_NQ_NP_990291-MLA71604601711_092023-W.jpg
178;Jeep Renegade 1.8 Sport At Plus;22.000;https://auto.mercadolibre.com.ar/MLA-1530290736-jeep-renegade-18-sport-at-632025-_JM#position=35&search_layout=grid&type=item&tracking_id=158019ef-ac7d-43bb-971f-e1c905a6d37a;https://http2.mlstatic.com/D_NQ_NP_962617-MLA71174750181_082023-W.jpg
179;Jeep Renegade 1.8 Longitude At6;24.000;https://auto.mercadolibre.com.ar/MLA-1472620408-jeep-renegade-18-longitude-at6-_JM#position=36&search_layout=grid&type=item&tracking_id=158019ef-ac7d-43bb-971f-e1c905a6d37a;https://http2.mlstatic.com/D_NQ_NP_923422-MLA71066872138_082023-W.jpg
180;Jeep Renegade 1.8 Sport;12.490.000;https://auto.mercadolibre.com.ar/MLA-1459752350-jeep-renegade-sport-18-_JM#position=37&search_layout=grid&type=item&tracking_id=158019ef-ac7d-43bb-971f-e1c905a6d37a;https://http2.mlstatic.com/D_NQ_NP_930275-MLA70719551981_072023-W.jpg
181;Jeep Renegade 1.8 Sport At Plus;16.500;https://auto.mercadolibre.com.ar/MLA-1508274618-jeep-renegade-sport-at-_JM#position=38&search_layout=grid&type=item&tracking_id=158019ef-ac7d-43bb-971f-e1c905a6d37a;https://http2.mlstatic.com/D_NQ_NP_825923-MLA70515034913_072023-W.jpg
182;Jeep Renegade 1.8 Sport Plus;16.200;https://auto.mercadolibre.com.ar/MLA-1510655292-jeep-renegade-2017-18-sport-plus-_JM#position=39&search_layout=grid&type=item&tracking_id=158019ef-ac7d-43bb-971f-e1c905a6d37a;https://http2.mlstatic.com/D_NQ_NP_739557-MLA70237703361_062023-W.jpg
183;Jeep Renegade 1.8 Sport;24.500;https://auto.mercadolibre.com.ar/MLA-1518305640-jeep-renegade-sport-18-mt5-2023-0km-sro-fcio-tusado-oport-_JM#position=40&search_layout=grid&type=item&tracking_id=158019ef-ac7d-43bb-971f-e1c905a6d37a;https://http2.mlstatic.com/D_NQ_NP_730923-MLA70203407175_062023-W.jpg
184;Jeep Renegade 1.8 Sport Plus;13.500;https://auto.mercadolibre.com.ar/MLA-1508177392-jeep-renegade-sport-plus-2016-_JM#position=41&search_layout=grid&type=item&tracking_id=158019ef-ac7d-43bb-971f-e1c905a6d37a;https://http2.mlstatic.com/D_NQ_NP_848081-MLA69877565263_062023-W.jpg
185;Jeep Renegade 1.8 Longitude At6;22.790.000;https://auto.mercadolibre.com.ar/MLA-1371700033-jeep-renegade-serie-s-13t-at6-4x2-t270-stock-fisico-mp-_JM#position=42&search_layout=grid&type=item&tracking_id=158019ef-ac7d-43bb-971f-e1c905a6d37a;https://http2.mlstatic.com/D_NQ_NP_699494-MLA69755121653_062023-W.jpg
186;Jeep Renegade 1.8 Sport;10.395.000;https://auto.mercadolibre.com.ar/MLA-1370168351-jeep-renegade-4x2-100-financiamiento-oficial-_JM#position=43&search_layout=grid&type=item&tracking_id=158019ef-ac7d-43bb-971f-e1c905a6d37a;https://http2.mlstatic.com/D_NQ_NP_659197-MLA69488346599_052023-W.jpg
187;Jeep Renegade 1.8 Longitude At6;22.990.000;https://auto.mercadolibre.com.ar/MLA-1417245416-jeep-renegade-longitude-serie-s-13-turbo-automatica-ng-_JM#position=44&search_layout=grid&type=item&tracking_id=158019ef-ac7d-43bb-971f-e1c905a6d37a;https://http2.mlstatic.com/D_NQ_NP_755078-MLA69421904311_052023-W.jpg
188;Jeep Renegade 2.4 Trailhawk At9 4x4;26.990.000;https://auto.mercadolibre.com.ar/MLA-1369436841-jeep-renegade-tralhawk-4x4-13t-hg-_JM#position=45&search_layout=grid&type=item&tracking_id=158019ef-ac7d-43bb-971f-e1c905a6d37a;https://http2.mlstatic.com/D_NQ_NP_867698-MLA69382946808_052023-W.jpg
189;Jeep Renegade 1.8 Longitude At6;21.900;https://auto.mercadolibre.com.ar/MLA-1491152408-jeep-renegade-2020-18-longitude-at6-_JM#position=46&search_layout=grid&type=item&tracking_id=158019ef-ac7d-43bb-971f-e1c905a6d37a;https://http2.mlstatic.com/D_NQ_NP_873414-MLA69220115426_052023-W.jpg
190;Jeep Renegade 1.8 Sport;10.395.000;https://auto.mercadolibre.com.ar/MLA-1366284547-jeep-renegade-nueva-0km-2023-_JM#position=47&search_layout=grid&type=item&tracking_id=158019ef-ac7d-43bb-971f-e1c905a6d37a;https://http2.mlstatic.com/D_NQ_NP_660056-MLA54950727567_042023-W.jpg
191;Jeep Renegade 1.8 Sport;13.900.000;https://auto.mercadolibre.com.ar/MLA-1366322195-jeep-renegade-18-mt-sport-_JM#position=48&search_layout=grid&type=item&tracking_id=158019ef-ac7d-43bb-971f-e1c905a6d37a;https://http2.mlstatic.com/D_NQ_NP_858839-MLA54951377411_042023-W.jpg
192;Jeep Renegade 2.4 Longitude At;25.300.000;https://auto.mercadolibre.com.ar/MLA-1392260006-jeep-renegade-serie-s-_JM#position=1&search_layout=grid&type=item&tracking_id=cc788382-de41-4fc7-b22a-d982c54a9367;https://http2.mlstatic.com/D_NQ_NP_961120-MLA54905184875_042023-W.jpg
193;Jeep Renegade 1.8 Sport;13.900.000;https://auto.mercadolibre.com.ar/MLA-1392259564-jeep-renegade-sport-mt-_JM#position=2&search_layout=grid&type=item&tracking_id=cc788382-de41-4fc7-b22a-d982c54a9367;https://http2.mlstatic.com/D_NQ_NP_986109-MLA54757071919_032023-W.jpg
194;Jeep Renegade 1.8 Sport;12.490.000;https://auto.mercadolibre.com.ar/MLA-1361695038-jeep-renegade-sport-mt-_JM#position=3&search_layout=grid&type=item&tracking_id=cc788382-de41-4fc7-b22a-d982c54a9367;https://http2.mlstatic.com/D_NQ_NP_665093-MLA54120134316_032023-W.jpg
195;Jeep Renegade 1.8 Sport;9.100.000;https://auto.mercadolibre.com.ar/MLA-1317532894-jeep-renegade-18-manual-directo-fabrica-_JM#position=4&search_layout=grid&type=item&tracking_id=cc788382-de41-4fc7-b22a-d982c54a9367;https://http2.mlstatic.com/D_NQ_NP_823124-MLA53410096833_012023-W.jpg
196;Jeep Renegade 1.8 Sport;10.000.000;https://auto.mercadolibre.com.ar/MLA-1309627125-jeep-renegade-sport-18l-manual-mt5-4x2-my23--_JM#position=5&search_layout=grid&type=item&tracking_id=cc788382-de41-4fc7-b22a-d982c54a9367;https://http2.mlstatic.com/D_NQ_NP_762848-MLA53286592469_012023-W.jpg
197;Jeep Renegade 1.8 Sport;10.395.000;https://auto.mercadolibre.com.ar/MLA-1276068625-jeep-renegade-nueva-linea-_JM#position=6&search_layout=grid&type=item&tracking_id=cc788382-de41-4fc7-b22a-d982c54a9367;https://http2.mlstatic.com/D_NQ_NP_896577-MLA54203157325_032023-W.jpg
198;Jeep Renegade 2.4 Trailhawk At9 4x4;33.150;https://auto.mercadolibre.com.ar/MLA-1410336952-renegade-trailhawk-4x4-t270-my23-hc-_JM#position=7&search_layout=grid&type=item&tracking_id=cc788382-de41-4fc7-b22a-d982c54a9367;https://http2.mlstatic.com/D_NQ_NP_996601-MLA52595339304_112022-W.jpg
199;Jeep Renegade 2.4 Longitude At;22.900.000;https://auto.mercadolibre.com.ar/MLA-1255053498-jeep-renegade-13-longitude-2023-entrega-inmediata-_JM#position=8&search_layout=grid&type=item&tracking_id=cc788382-de41-4fc7-b22a-d982c54a9367;https://http2.mlstatic.com/D_NQ_NP_777220-MLA69346434417_052023-W.jpg
200;Jeep Renegade 2.4 Longitude At;22.900.000;https://auto.mercadolibre.com.ar/MLA-1247997178-jeep-renegade-13-longitude-entega-inmediata-agencia-oficial-_JM#position=9&search_layout=grid&type=item&tracking_id=cc788382-de41-4fc7-b22a-d982c54a9367;https://http2.mlstatic.com/D_NQ_NP_806747-MLA52469283035_112022-W.jpg
201;Jeep Renegade 1.8 Sport;15.500;https://auto.mercadolibre.com.ar/MLA-1221553383-jeep-renegade-sport-mt-linea-nueva-stock-oferta-rm-_JM#position=10&search_layout=grid&type=item&tracking_id=cc788382-de41-4fc7-b22a-d982c54a9367;https://http2.mlstatic.com/D_NQ_NP_692423-MLA52239076731_112022-W.jpg
202;Jeep Renegade 1.8 Sport At Plus;21.900;https://auto.mercadolibre.com.ar/MLA-1172538508-jeep-renegade-sport-at6-18-my23-linea-nueva-rm-_JM#position=11&search_layout=grid&type=item&tracking_id=cc788382-de41-4fc7-b22a-d982c54a9367;https://http2.mlstatic.com/D_NQ_NP_818848-MLA51620582961_092022-W.jpg
203;Jeep Renegade 1.8 Longitude At6;22.790.000;https://auto.mercadolibre.com.ar/MLA-883948187-jeep-renegade-longitude-13t-_JM#position=12&search_layout=grid&type=item&tracking_id=cc788382-de41-4fc7-b22a-d982c54a9367;https://http2.mlstatic.com/D_NQ_NP_811392-MLA52237441087_112022-W.jpg
204;Jeep Renegade 1.8 Sport;13.800.000;https://auto.mercadolibre.com.ar/MLA-1391933179-jeep-renegade-sport-mt-2017-negro-_JM#position=13&search_layout=grid&type=item&tracking_id=cc788382-de41-4fc7-b22a-d982c54a9367;https://http2.mlstatic.com/D_NQ_NP_752644-MLA72124078698_102023-W.jpg
205;Jeep Renegade 1.8 Sport;23.000;https://auto.mercadolibre.com.ar/MLA-1391609697-jeep-renegade-2022-18-sport-_JM#position=14&search_layout=grid&type=item&tracking_id=cc788382-de41-4fc7-b22a-d982c54a9367;https://http2.mlstatic.com/D_NQ_NP_636953-MLA72086943652_102023-W.jpg
206;Jeep Renegade 1.8 Sport At Plus;17.995.000;https://auto.mercadolibre.com.ar/MLA-1391361235-jeep-renegade-sport-at6-2023-_JM#position=15&search_layout=grid&type=item&tracking_id=cc788382-de41-4fc7-b22a-d982c54a9367;https://http2.mlstatic.com/D_NQ_NP_676163-MLA72049433996_102023-W.jpg
207;Jeep Renegade 1.8 Longitude At6;19.500;https://auto.mercadolibre.com.ar/MLA-1390887727-jeep-renegade-longitud-18-at6-2019-jf-_JM#position=16&search_layout=grid&type=item&tracking_id=cc788382-de41-4fc7-b22a-d982c54a9367;https://http2.mlstatic.com/D_NQ_NP_729581-MLA72055661731_102023-W.jpg
208;Jeep Renegade 1.8 Sport At Plus;18.499;https://auto.mercadolibre.com.ar/MLA-1525168532-jeep-renegade-sport-18-at6-2020-30000km-fcio-tusado-oport-_JM#position=17&search_layout=grid&type=item&tracking_id=cc788382-de41-4fc7-b22a-d982c54a9367;https://http2.mlstatic.com/D_NQ_NP_988466-MLA72038289747_102023-W.jpg
209;Jeep Renegade 1.8 Sport At Plus;18.500;https://auto.mercadolibre.com.ar/MLA-1525155740-jeep-renegade-sport-18-at6-2020-30000km-fcio-tusado-oport-_JM#position=18&search_layout=grid&type=item&tracking_id=cc788382-de41-4fc7-b22a-d982c54a9367;https://http2.mlstatic.com/D_NQ_NP_948607-MLA71981444562_102023-W.jpg
210;Jeep Renegade 1.8 Sport At Plus;14.690.000;https://auto.mercadolibre.com.ar/MLA-1513377442-jeep-renegade-sport-18l-at6-fwd-en-stock-fisico-entrega-vt-_JM#position=19&search_layout=grid&type=item&tracking_id=cc788382-de41-4fc7-b22a-d982c54a9367;https://http2.mlstatic.com/D_NQ_NP_749708-MLA71797259208_092023-W.jpg
211;Jeep Renegade 1.8 Sport Plus;13.000;https://auto.mercadolibre.com.ar/MLA-1389148991-jeep-renegade-sport-plus-2016-serrano-automotores-_JM#position=20&search_layout=grid&type=item&tracking_id=cc788382-de41-4fc7-b22a-d982c54a9367;https://http2.mlstatic.com/D_NQ_NP_975171-MLA71835231997_092023-W.jpg
212;Jeep Renegade 1.8 Sport At Plus;16.000;https://auto.mercadolibre.com.ar/MLA-1388455965-jeep-renegade-2018-18-sport-at-plus-_JM#position=21&search_layout=grid&type=item&tracking_id=cc788382-de41-4fc7-b22a-d982c54a9367;https://http2.mlstatic.com/D_NQ_NP_861814-MLA71747714557_092023-W.jpg
213;Jeep Renegade 1.8 Longitude At6;29.800.000;https://auto.mercadolibre.com.ar/MLA-1507052030-jeep-compass-serie-s-13l-turbo-at6-4x2-suv-linea-nueva-2023-_JM#position=22&search_layout=grid&type=item&tracking_id=cc788382-de41-4fc7-b22a-d982c54a9367;https://http2.mlstatic.com/D_NQ_NP_815835-MLA71629926328_092023-W.jpg
214;Jeep Renegade 1.8 Sport;17.963.000;https://auto.mercadolibre.com.ar/MLA-1506045422-jeep-renegade-sport-18l-130cv-at6-nueva-linea-ds-_JM#position=23&search_layout=grid&type=item&tracking_id=cc788382-de41-4fc7-b22a-d982c54a9367;https://http2.mlstatic.com/D_NQ_NP_690481-MLA71657396245_092023-W.jpg
215;Jeep Renegade 2.4 Trailhawk At9 4x4;29.600.000;https://auto.mercadolibre.com.ar/MLA-1387745267-jeep-renegade-trailhawk-13-at9-entrega-inmediata-mc-_JM#position=24&search_layout=grid&type=item&tracking_id=cc788382-de41-4fc7-b22a-d982c54a9367;https://http2.mlstatic.com/D_NQ_NP_893713-MLA71650808017_092023-W.jpg
216;Jeep Renegade 1.8 Sport;14.490.000;https://auto.mercadolibre.com.ar/MLA-1504423512-jeep-renegade-sport-18-130cv-automaticabb-_JM#position=25&search_layout=grid&type=item&tracking_id=cc788382-de41-4fc7-b22a-d982c54a9367;https://http2.mlstatic.com/D_NQ_NP_978310-MLA71582873556_092023-W.jpg
217;Jeep Renegade 1.8 Longitude At6;21.500;https://auto.mercadolibre.com.ar/MLA-1386806853-jeep-renegade-18-longitude-at-2021-_JM#position=26&search_layout=grid&type=item&tracking_id=cc788382-de41-4fc7-b22a-d982c54a9367;https://http2.mlstatic.com/D_NQ_NP_994405-MLA71544566429_092023-W.jpg
218;Jeep Renegade 2.4 Trailhawk At9 4x4;41.039;https://auto.mercadolibre.com.ar/MLA-1495496148-jeep-renegade-trailhawk-4x4-m-13l-turbo-nafta-175cv-at9bb-_JM#position=27&search_layout=grid&type=item&tracking_id=cc788382-de41-4fc7-b22a-d982c54a9367;https://http2.mlstatic.com/D_NQ_NP_879780-MLA71504715661_092023-W.jpg
219;Jeep Renegade 1.8 Longitude At6;17.200.000;https://auto.mercadolibre.com.ar/MLA-1386026523-jeep-renegade-18-longitude-at6-2021-_JM#position=28&search_layout=grid&type=item&tracking_id=cc788382-de41-4fc7-b22a-d982c54a9367;https://http2.mlstatic.com/D_NQ_NP_766803-MLA71458289753_092023-W.jpg
220;Jeep Renegade 1.8 Sport At Plus;15.000;https://auto.mercadolibre.com.ar/MLA-1384345127-jeep-renegade-2018-18-sport-at-plus-cassano-automobili-_JM#position=29&search_layout=grid&type=item&tracking_id=cc788382-de41-4fc7-b22a-d982c54a9367;https://http2.mlstatic.com/D_NQ_NP_867788-MLA71214049032_082023-W.jpg
221;Jeep Renegade 1.8 Sport;13.100.000;https://auto.mercadolibre.com.ar/MLA-1473683062-jeep-renegade-18l-_JM#position=30&search_layout=grid&type=item&tracking_id=cc788382-de41-4fc7-b22a-d982c54a9367;https://http2.mlstatic.com/D_NQ_NP_917436-MLA71087588444_082023-W.jpg
222;Jeep Renegade 1.8 Sport At;17.500;https://auto.mercadolibre.com.ar/MLA-1382779955-jeep-renegade-18-sport-4x2-gnc-automatico-2017-color-gris-_JM#position=31&search_layout=grid&type=item&tracking_id=cc788382-de41-4fc7-b22a-d982c54a9367;https://http2.mlstatic.com/D_NQ_NP_891694-MLA71027041987_082023-W.jpg
223;Jeep Renegade 2.4 Trailhawk At9 4x4;38.500;https://auto.mercadolibre.com.ar/MLA-1470468186-jeep-renegade-trailhawk-13-at9-bb-_JM#position=32&search_layout=grid&type=item&tracking_id=cc788382-de41-4fc7-b22a-d982c54a9367;https://http2.mlstatic.com/D_NQ_NP_706703-MLA71023634969_082023-W.jpg
224;Jeep Renegade 2.4 Trailhawk At9 4x4;24.500;https://auto.mercadolibre.com.ar/MLA-1465963728-jeep-renegade-2018-24-trailhawk-at9-4x4-lesbleus-_JM#position=33&search_layout=grid&type=item&tracking_id=cc788382-de41-4fc7-b22a-d982c54a9367;https://http2.mlstatic.com/D_NQ_NP_919165-MLA70886810313_082023-W.jpg
225;Jeep Renegade 1.8 Sport;13.900.000;https://auto.mercadolibre.com.ar/MLA-1459699932-jeep-renegade-sport-mt-_JM#position=34&search_layout=grid&type=item&tracking_id=cc788382-de41-4fc7-b22a-d982c54a9367;https://http2.mlstatic.com/D_NQ_NP_659709-MLA70688718028_072023-W.jpg
226;Jeep Renegade 2.4 Trailhawk At9 4x4;29.600.000;https://auto.mercadolibre.com.ar/MLA-1428856588-jeep-renegade-trailhawk-13t-175cv-270t-at9-mc-_JM#position=35&search_layout=grid&type=item&tracking_id=cc788382-de41-4fc7-b22a-d982c54a9367;https://http2.mlstatic.com/D_NQ_NP_682414-MLA69800205532_062023-W.jpg
227;Jeep Renegade 1.8 Longitude At6;22.790.000;https://auto.mercadolibre.com.ar/MLA-1418820462-nueva-jeep-renegade-serie-s-entrega-inmediata-en-stock-hg-_JM#position=36&search_layout=grid&type=item&tracking_id=cc788382-de41-4fc7-b22a-d982c54a9367;https://http2.mlstatic.com/D_NQ_NP_782661-MLA69454304878_052023-W.jpg
228;Jeep Renegade 1.8 Sport;6.301.000;https://auto.mercadolibre.com.ar/MLA-1402491584-jeep-renegade-sport-18-_JM#position=37&search_layout=grid&type=item&tracking_id=cc788382-de41-4fc7-b22a-d982c54a9367;https://http2.mlstatic.com/D_NQ_NP_602399-MLA54965383139_042023-W.jpg
229;Jeep Renegade 2.4 Trailhawk At9 4x4;29.900.000;https://auto.mercadolibre.com.ar/MLA-1399354980-jeep-renegade-4x4-trailhawk-at9-motor-13-turbo-_JM#position=38&search_layout=grid&type=item&tracking_id=cc788382-de41-4fc7-b22a-d982c54a9367;https://http2.mlstatic.com/D_NQ_NP_745326-MLA54960446016_042023-W.jpg
230;Jeep Renegade 1.8 Longitude At6;25.300.000;https://auto.mercadolibre.com.ar/MLA-1366374489-jeep-renegade-serie-s-_JM#position=39&search_layout=grid&type=item&tracking_id=cc788382-de41-4fc7-b22a-d982c54a9367;https://http2.mlstatic.com/D_NQ_NP_916204-MLA54957465798_042023-W.jpg
231;Jeep Renegade 1.8 Sport;10.395.000;https://auto.mercadolibre.com.ar/MLA-1366322509-renegade-sport-18-nueva-linea-2023-_JM#position=40&search_layout=grid&type=item&tracking_id=cc788382-de41-4fc7-b22a-d982c54a9367;https://http2.mlstatic.com/D_NQ_NP_700798-MLA54955923368_042023-W.jpg
232;Jeep Renegade 1.8 Sport;10.395.000;https://auto.mercadolibre.com.ar/MLA-1366322501-sport-renegade-18-_JM#position=41&search_layout=grid&type=item&tracking_id=cc788382-de41-4fc7-b22a-d982c54a9367;https://http2.mlstatic.com/D_NQ_NP_801374-MLA54955936822_042023-W.jpg
233;Jeep Renegade 1.8 Sport;10.395.000;https://auto.mercadolibre.com.ar/MLA-1366322493-jeep-renegade-sport-_JM#position=42&search_layout=grid&type=item&tracking_id=cc788382-de41-4fc7-b22a-d982c54a9367;https://http2.mlstatic.com/D_NQ_NP_743960-MLA54955936788_042023-W.jpg
234;Jeep Renegade 1.8 Sport;10.395.000;https://auto.mercadolibre.com.ar/MLA-1366348309-jeep-renegade-23-new-sport-_JM#position=43&search_layout=grid&type=item&tracking_id=cc788382-de41-4fc7-b22a-d982c54a9367;https://http2.mlstatic.com/D_NQ_NP_639359-MLA54950759401_042023-W.jpg
235;Jeep Renegade 1.8 Longitude At6;25.300.000;https://auto.mercadolibre.com.ar/MLA-1394700384-jeep-renegade-13-at6-longitud-_JM#position=44&search_layout=grid&type=item&tracking_id=cc788382-de41-4fc7-b22a-d982c54a9367;https://http2.mlstatic.com/D_NQ_NP_725968-MLA54923899195_042023-W.jpg
236;Jeep Renegade 1.8 Sport At Plus;17.700.000;https://auto.mercadolibre.com.ar/MLA-1365773095-jeep-renegade-at6-sport-_JM#position=45&search_layout=grid&type=item&tracking_id=cc788382-de41-4fc7-b22a-d982c54a9367;https://http2.mlstatic.com/D_NQ_NP_779401-MLA54923810769_042023-W.jpg
237;Jeep Renegade 2.4 Longitude At;25.300.000;https://auto.mercadolibre.com.ar/MLA-1393935608-jeep-renegade-longitude-13t-at6-_JM#position=46&search_layout=grid&type=item&tracking_id=cc788382-de41-4fc7-b22a-d982c54a9367;https://http2.mlstatic.com/D_NQ_NP_886175-MLA54921625586_042023-W.jpg
238;Jeep Renegade 2.4 Trailhawk At9 4x4;29.900.000;https://auto.mercadolibre.com.ar/MLA-1365576751-jeep-renegade-13-at9-4x4-trailhawk-_JM#position=47&search_layout=grid&type=item&tracking_id=cc788382-de41-4fc7-b22a-d982c54a9367;https://http2.mlstatic.com/D_NQ_NP_970542-MLA54915165365_042023-W.jpg
239;Jeep Renegade 2.4 Trailhawk At9 4x4;29.900.000;https://auto.mercadolibre.com.ar/MLA-1393712986-jeep-renegade-trailhawk-13t-4x4-_JM#position=48&search_layout=grid&type=item&tracking_id=cc788382-de41-4fc7-b22a-d982c54a9367;https://http2.mlstatic.com/D_NQ_NP_761884-MLA54914826677_042023-W.jpg
240;Jeep Renegade 1.8 Longitude At6;13.645.000;https://auto.mercadolibre.com.ar/MLA-1373079754-jeep-renegade-sport-18l-automatica-6-4x2-my23--_JM#position=1&search_layout=grid&type=item&tracking_id=73fcab98-54c1-49e9-af77-c4ffbed47bad;https://http2.mlstatic.com/D_NQ_NP_662941-MLA54409452462_032023-W.jpg
241;Jeep Renegade 1.8 Sport;10.395.000;https://auto.mercadolibre.com.ar/MLA-1364994654-jeep-renegade-sport-18-financiacion-_JM#position=2&search_layout=grid&type=item&tracking_id=73fcab98-54c1-49e9-af77-c4ffbed47bad;https://http2.mlstatic.com/D_NQ_NP_735171-MLA54201699781_032023-W.jpg
242;Jeep Renegade 1.8 Sport;10.395.000;https://auto.mercadolibre.com.ar/MLA-1337735856-jeep-renegade-sport-2023-concesionaria-oficial-_JM#position=3&search_layout=grid&type=item&tracking_id=73fcab98-54c1-49e9-af77-c4ffbed47bad;https://http2.mlstatic.com/D_NQ_NP_960731-MLA54203121633_032023-W.jpg
243;Jeep Renegade 1.8 Longitude At6;28.000;https://auto.mercadolibre.com.ar/MLA-1369258637-renegade-longitude-t270-hc-_JM#position=4&search_layout=grid&type=item&tracking_id=73fcab98-54c1-49e9-af77-c4ffbed47bad;https://http2.mlstatic.com/D_NQ_NP_658695-MLA53230549762_012023-W.jpg
244;Jeep Renegade 1.8 Sport;9.800.000;https://auto.mercadolibre.com.ar/MLA-1249818770-jeep-renegade-sport-18-_JM#position=5&search_layout=grid&type=item&tracking_id=73fcab98-54c1-49e9-af77-c4ffbed47bad;https://http2.mlstatic.com/D_NQ_NP_881982-MLA52488865588_112022-W.jpg
245;Jeep Renegade 1.8 Sport;10.395.000;https://auto.mercadolibre.com.ar/MLA-1473706218-jeep-renegade-sport-my23-sin-sobreprecio-sa-_JM#position=6&search_layout=grid&type=item&tracking_id=73fcab98-54c1-49e9-af77-c4ffbed47bad;https://http2.mlstatic.com/D_NQ_NP_701388-MLA52334540952_112022-W.jpg
246;Jeep Renegade 1.8 Sport;10.395.000;https://auto.mercadolibre.com.ar/MLA-1432301032-nueva-jeep-renegade-full-led-2023-plan-de-ahorro-_JM#position=7&search_layout=grid&type=item&tracking_id=73fcab98-54c1-49e9-af77-c4ffbed47bad;https://http2.mlstatic.com/D_NQ_NP_949494-MLA70454788036_072023-W.jpg
247;Jeep Renegade 1.8;24.500;https://auto.mercadolibre.com.ar/MLA-1531653376-jeep-renegade-18-sport-at6-my2023-ultima-en-stock-14-_JM#position=8&search_layout=grid&type=item&tracking_id=73fcab98-54c1-49e9-af77-c4ffbed47bad;https://http2.mlstatic.com/D_NQ_NP_724698-MLA51453485652_092022-W.jpg
248;Jeep Renegade 1.8 Sport At Plus;14.500.000;https://auto.mercadolibre.com.ar/MLA-933602172-jeep-renegade-sport-18-aut-at6-4x2-entrega-inmediataavd-_JM#position=9&search_layout=grid&type=item&tracking_id=73fcab98-54c1-49e9-af77-c4ffbed47bad;https://http2.mlstatic.com/D_NQ_NP_960263-MLA51042092452_082022-W.jpg
249;Jeep Renegade 1.8 Sport;10.500.000;https://auto.mercadolibre.com.ar/MLA-1532616360-jeep-renegade-_JM#position=10&search_layout=grid&type=item&tracking_id=73fcab98-54c1-49e9-af77-c4ffbed47bad;https://http2.mlstatic.com/D_NQ_NP_785389-MLA72183440853_102023-W.jpg
250;Jeep Renegade 1.8 Sport At Plus;15.950.000;https://auto.mercadolibre.com.ar/MLA-1391737643-jeep-renegade-18-4x2-sport-at-l18-id5739-_JM#position=11&search_layout=grid&type=item&tracking_id=73fcab98-54c1-49e9-af77-c4ffbed47bad;https://http2.mlstatic.com/D_NQ_NP_949571-MLA72161202127_102023-W.jpg
251;Jeep Renegade 1.8 Longitude At6;22.795.000;https://auto.mercadolibre.com.ar/MLA-1531691944-jeep-renegade-serie-s-13t-at6-mp-_JM#position=12&search_layout=grid&type=item&tracking_id=73fcab98-54c1-49e9-af77-c4ffbed47bad;https://http2.mlstatic.com/D_NQ_NP_627411-MLA72159085053_102023-W.jpg
252;Jeep Renegade 1.8 Sport At Plus;14.400;https://auto.mercadolibre.com.ar/MLA-1390711773-jeep-renegade-2017-18-sport-at-plus-_JM#position=13&search_layout=grid&type=item&tracking_id=73fcab98-54c1-49e9-af77-c4ffbed47bad;https://http2.mlstatic.com/D_NQ_NP_826596-MLA71978737046_092023-W.jpg
253;Jeep Renegade 1.8 Sport;19.900;https://auto.mercadolibre.com.ar/MLA-1524486574-jeep-renegade-sport-at6-_JM#position=14&search_layout=grid&type=item&tracking_id=73fcab98-54c1-49e9-af77-c4ffbed47bad;https://http2.mlstatic.com/D_NQ_NP_786942-MLA72031957691_092023-W.jpg
254;Jeep Renegade 1.8 Sport;19.900;https://auto.mercadolibre.com.ar/MLA-1522267134-jeep-renegade-sport-at6-_JM#position=15&search_layout=grid&type=item&tracking_id=73fcab98-54c1-49e9-af77-c4ffbed47bad;https://http2.mlstatic.com/D_NQ_NP_760798-MLA72005633517_092023-W.jpg
255;Jeep Renegade 1.8 Sport;19.900;https://auto.mercadolibre.com.ar/MLA-1522212984-nuevo-jeep-renegade-sport-at6-_JM#position=16&search_layout=grid&type=item&tracking_id=73fcab98-54c1-49e9-af77-c4ffbed47bad;https://http2.mlstatic.com/D_NQ_NP_779905-MLA71949756806_092023-W.jpg
256;Jeep Renegade 1.8 Sport At Plus;15.380.000;https://auto.mercadolibre.com.ar/MLA-1515688104-jeep-renegade-sport-at-0km-_JM#position=17&search_layout=grid&type=item&tracking_id=73fcab98-54c1-49e9-af77-c4ffbed47bad;https://http2.mlstatic.com/D_NQ_NP_638675-MLA71826895646_092023-W.jpg
257;Jeep Renegade 1.8 Sport;18.900.000;https://auto.mercadolibre.com.ar/MLA-1512652312-jeep-renegade-18-4x2-sport-l23-id5404-_JM#position=18&search_layout=grid&type=item&tracking_id=73fcab98-54c1-49e9-af77-c4ffbed47bad;https://http2.mlstatic.com/D_NQ_NP_862341-MLA71775074542_092023-W.jpg
258;Jeep Renegade 1.8 Sport;14.700.000;https://auto.mercadolibre.com.ar/MLA-1388984775-jeep-renegade-sport-at6-ap-_JM#position=19&search_layout=grid&type=item&tracking_id=73fcab98-54c1-49e9-af77-c4ffbed47bad;https://http2.mlstatic.com/D_NQ_NP_639646-MLA71826454971_092023-W.jpg
259;Jeep Renegade 1.8 Sport At Plus;14.500.000;https://auto.mercadolibre.com.ar/MLA-1505408428-jeep-renegade-sport-at-bb-_JM#position=20&search_layout=grid&type=item&tracking_id=73fcab98-54c1-49e9-af77-c4ffbed47bad;https://http2.mlstatic.com/D_NQ_NP_656415-MLA71652257451_092023-W.jpg
260;Jeep Renegade 1.8 Sport At Plus;14.500.000;https://auto.mercadolibre.com.ar/MLA-1504270486-jeep-renegade-sport-18-130cv-at6-bb-_JM#position=21&search_layout=grid&type=item&tracking_id=73fcab98-54c1-49e9-af77-c4ffbed47bad;https://http2.mlstatic.com/D_NQ_NP_859768-MLA71583179500_092023-W.jpg
261;Jeep Renegade 1.8 Longitude At6;25.900.000;https://auto.mercadolibre.com.ar/MLA-1499383964-jeep-renegade-serie-s-13l-turbo-at6-4x2-linea-nueva-2023-_JM#position=22&search_layout=grid&type=item&tracking_id=73fcab98-54c1-49e9-af77-c4ffbed47bad;https://http2.mlstatic.com/D_NQ_NP_674373-MLA71566595281_092023-W.jpg
262;Jeep Renegade 1.8 Sport At Plus;15.000;https://auto.mercadolibre.com.ar/MLA-1499342560-jeep-renegade-2018-18-sport-at-plus-cassano-automobili-_JM#position=23&search_layout=grid&type=item&tracking_id=73fcab98-54c1-49e9-af77-c4ffbed47bad;https://http2.mlstatic.com/D_NQ_NP_708751-MLA71518041122_092023-W.jpg
263;Jeep Renegade 1.8 Sport At Plus;20.500;https://auto.mercadolibre.com.ar/MLA-1386382653-jeep-renegade-sport-18-l-130cv-nafta-at6bb-_JM#position=24&search_layout=grid&type=item&tracking_id=73fcab98-54c1-49e9-af77-c4ffbed47bad;https://http2.mlstatic.com/D_NQ_NP_690592-MLA71497321703_092023-W.jpg
264;Jeep Renegade 1.8 Sport;21.200;https://auto.mercadolibre.com.ar/MLA-1494706320-jeep-renegade-sport-18-130cv-at6-bb-_JM#position=25&search_layout=grid&type=item&tracking_id=73fcab98-54c1-49e9-af77-c4ffbed47bad;https://http2.mlstatic.com/D_NQ_NP_970825-MLA71450454596_092023-W.jpg
265;Jeep Renegade 1.8 Sport Plus;14.800;https://auto.mercadolibre.com.ar/MLA-1384610627-jeep-renegade-2017-18-sport-plus-_JM#position=26&search_layout=grid&type=item&tracking_id=73fcab98-54c1-49e9-af77-c4ffbed47bad;https://http2.mlstatic.com/D_NQ_NP_917352-MLA71284293107_082023-W.jpg
266;Jeep Renegade 1.8 Sport At Plus;15.000;https://auto.mercadolibre.com.ar/MLA-1505408960-jeep-renegade-2018-18-sport-at-plus-cassano-automobili-_JM#position=27&search_layout=grid&type=item&tracking_id=73fcab98-54c1-49e9-af77-c4ffbed47bad;https://http2.mlstatic.com/D_NQ_NP_831373-MLA71212533388_082023-W.jpg
267;Jeep Renegade 1.8 Sport At Plus;14.700;https://auto.mercadolibre.com.ar/MLA-1510263162-jeep-renegade-2018-18-sport-at-plus-_JM#position=28&search_layout=grid&type=item&tracking_id=73fcab98-54c1-49e9-af77-c4ffbed47bad;https://http2.mlstatic.com/D_NQ_NP_722962-MLA71067147154_082023-W.jpg
268;Jeep Renegade 1.8 Longitude At6;23.299.000;https://auto.mercadolibre.com.ar/MLA-1377804843-jeep-renegade-s-13-turbo-entrega-ya-precio-de-junio-le-_JM#position=29&search_layout=grid&type=item&tracking_id=73fcab98-54c1-49e9-af77-c4ffbed47bad;https://http2.mlstatic.com/D_NQ_NP_811593-MLA70562537995_072023-W.jpg
269;Jeep Renegade 1.8 Sport;14.659.000;https://auto.mercadolibre.com.ar/MLA-1449148158-jeep-renegade-sport-at-18-entrega-inmediata-mp-_JM#position=30&search_layout=grid&type=item&tracking_id=73fcab98-54c1-49e9-af77-c4ffbed47bad;https://http2.mlstatic.com/D_NQ_NP_819997-MLA70452648236_072023-W.jpg
270;Jeep Renegade 1.8 Longitude At6;22.790.000;https://auto.mercadolibre.com.ar/MLA-1427467372-jeep-renegade-longitude-serie-s-stock-entrega-inmediata-mp-_JM#position=31&search_layout=grid&type=item&tracking_id=73fcab98-54c1-49e9-af77-c4ffbed47bad;https://http2.mlstatic.com/D_NQ_NP_808830-MLA69755648517_062023-W.jpg
271;Jeep Renegade 1.8 Sport;6.200.000;https://auto.mercadolibre.com.ar/MLA-1402553606-jeep-renegade-sport-18-_JM#position=32&search_layout=grid&type=item&tracking_id=73fcab98-54c1-49e9-af77-c4ffbed47bad;https://http2.mlstatic.com/D_NQ_NP_757073-MLA54970912210_042023-W.jpg
272;Jeep Renegade 2.4 Longitude At;22.790.000;https://auto.mercadolibre.com.ar/MLA-1399226464-jeep-renegade-longitude-_JM#position=33&search_layout=grid&type=item&tracking_id=73fcab98-54c1-49e9-af77-c4ffbed47bad;https://http2.mlstatic.com/D_NQ_NP_708178-MLA54955159967_042023-W.jpg
273;Jeep Renegade 2.4 Trailhawk At9 4x4;29.900.000;https://auto.mercadolibre.com.ar/MLA-1366388795-jeep-renegade-13-at9-4x4-trailhawk-_JM#position=34&search_layout=grid&type=item&tracking_id=73fcab98-54c1-49e9-af77-c4ffbed47bad;https://http2.mlstatic.com/D_NQ_NP_897865-MLA54955064939_042023-W.jpg
274;Jeep Renegade 1.8 Longitude At6;25.300.000;https://auto.mercadolibre.com.ar/MLA-1394025328-jeep-renegade-longitud-at6-13-turbo-_JM#position=35&search_layout=grid&type=item&tracking_id=73fcab98-54c1-49e9-af77-c4ffbed47bad;https://http2.mlstatic.com/D_NQ_NP_946364-MLA54921845776_042023-W.jpg
275;Jeep Renegade 1.8 Sport;10.395.000;https://auto.mercadolibre.com.ar/MLA-1339139886-sport-18-renegade-nueva-linea-oficial-_JM#position=36&search_layout=grid&type=item&tracking_id=73fcab98-54c1-49e9-af77-c4ffbed47bad;https://http2.mlstatic.com/D_NQ_NP_640506-MLA53668737840_022023-W.jpg
276;Jeep Renegade 1.8 Sport;10.395.000;https://auto.mercadolibre.com.ar/MLA-1337414292-jeep-renegade-full-led-pack-seguridad-concesionario-oficial-_JM#position=37&search_layout=grid&type=item&tracking_id=73fcab98-54c1-49e9-af77-c4ffbed47bad;https://http2.mlstatic.com/D_NQ_NP_715091-MLA53644251240_022023-W.jpg
277;Jeep Renegade 1.8 Sport At Plus;8.449.000;https://auto.mercadolibre.com.ar/MLA-1315123416-jeep-renegade-sport-2023-_JM#position=38&search_layout=grid&type=item&tracking_id=73fcab98-54c1-49e9-af77-c4ffbed47bad;https://http2.mlstatic.com/D_NQ_NP_757877-MLA53363972650_012023-W.jpg
278;Jeep Renegade 1.8 Sport;10.395.000;https://auto.mercadolibre.com.ar/MLA-1308086784-jeep-renegade-sport-18l-manual-mt5-4x2--_JM#position=39&search_layout=grid&type=item&tracking_id=73fcab98-54c1-49e9-af77-c4ffbed47bad;https://http2.mlstatic.com/D_NQ_NP_849271-MLA53253078074_012023-W.jpg
279;Jeep Renegade 1.8 Sport At Plus;8.440.000;https://auto.mercadolibre.com.ar/MLA-1284286236-jeep-renegade-agencia-oficial-_JM#position=40&search_layout=grid&type=item&tracking_id=73fcab98-54c1-49e9-af77-c4ffbed47bad;https://http2.mlstatic.com/D_NQ_NP_929873-MLA52931076390_122022-W.jpg
280;Jeep Renegade 1.8 Sport;14.500;https://auto.mercadolibre.com.ar/MLA-1241421180-renegade-sport-manual-my23-hc-_JM#position=41&search_layout=grid&type=item&tracking_id=73fcab98-54c1-49e9-af77-c4ffbed47bad;https://http2.mlstatic.com/D_NQ_NP_901057-MLA52421056223_112022-W.jpg
281;Jeep Renegade 1.8 Longitude At6;23.500.000;https://auto.mercadolibre.com.ar/MLA-1169299292-nueva-jeep-renegade-longitude-13t-serie-s-unico-stock-rm-_JM#position=42&search_layout=grid&type=item&tracking_id=73fcab98-54c1-49e9-af77-c4ffbed47bad;https://http2.mlstatic.com/D_NQ_NP_679980-MLA69388964723_052023-W.jpg
282;Jeep Renegade 2.4 Longitude At;21.400.000;https://auto.mercadolibre.com.ar/MLA-1150551002-jeep-renegade-trailhawk-t270-at9-4x4-_JM#position=43&search_layout=grid&type=item&tracking_id=73fcab98-54c1-49e9-af77-c4ffbed47bad;https://http2.mlstatic.com/D_NQ_NP_876181-MLA51042312766_082022-W.jpg
283;Jeep Renegade 1.8 Sport;10.395.000;https://auto.mercadolibre.com.ar/MLA-1432336460-jeep-renegade-sport-okm-plan-jeep-100-financiado-_JM#position=44&search_layout=grid&type=item&tracking_id=73fcab98-54c1-49e9-af77-c4ffbed47bad;https://http2.mlstatic.com/D_NQ_NP_847604-MLA70480145309_072023-W.jpg
284;Jeep Renegade 1.8 Sport;21.000;https://auto.mercadolibre.com.ar/MLA-1120044984-jeep-renegade-18-sport-_JM#position=45&search_layout=grid&type=item&tracking_id=73fcab98-54c1-49e9-af77-c4ffbed47bad;https://http2.mlstatic.com/D_NQ_NP_685059-MLA51229814538_082022-W.jpg
285;Jeep Renegade 1.8 Longitude At6;15.900.000;https://auto.mercadolibre.com.ar/MLA-1246237537-jeep-renegade-sport-aut-18-_JM#position=46&search_layout=grid&type=item&tracking_id=73fcab98-54c1-49e9-af77-c4ffbed47bad;https://http2.mlstatic.com/D_NQ_NP_875979-MLA51469217179_092022-W.jpg
286;Jeep Renegade 1.8 Sport At Plus;15.890.000;https://auto.mercadolibre.com.ar/MLA-926778513-jeep-renegade-18-sport-at-_JM#position=47&search_layout=grid&type=item&tracking_id=73fcab98-54c1-49e9-af77-c4ffbed47bad;https://http2.mlstatic.com/D_NQ_NP_707868-MLA51554755366_092022-W.jpg
287;Jeep Renegade 1.8 Sport;12.490.000;https://auto.mercadolibre.com.ar/MLA-873137244-jeep-renegade-18-sport-mt-_JM#position=48&search_layout=grid&type=item&tracking_id=73fcab98-54c1-49e9-af77-c4ffbed47bad;https://http2.mlstatic.com/D_NQ_NP_807838-MLA51554795016_092022-W.jpg
